event_id,player_in_possession_id,player_in_possession_name,player_id,player_name,frame_start,x_start,y_start,player_in_possession_x_start,player_in_possession_y_start,pass_distance,interplayer_distance,interplayer_angle,trajectory_angle,pass_angle,n_opponents_ahead_pass_reception,n_opponents_bypassed,delta_to_last_defensive_line_start,separation_start,defensive_structure,inside_defensive_shape_end,dangerous,difficult_pass_target,risk_score,team_id,team_class
7_2,22542,Marta,62389,Angelina,194,8.36,11.64,10.74,7.41,3.45,4.51,104.9,30.88,106.86,6,0,18.71,4.63,4411.0,True,False,False,49.72800000000001,2334,Team 1
7_6,62389,Angelina,62445,B. Banda,207,21.37,7.44,10.88,13.02,1.83,8.44,-13.64,35.19,165.43,0,5,3.39,3.59,,True,True,False,37.452,2334,Team 1
7_10,149954,K. Strom,62445,B. Banda,572,7.94,21.34,-30.15,30.28,34.18,36.38,-16.41,149.61,-14.04,3,7,3.04,3.61,,False,False,True,50.058,2334,Team 1
7_14,62445,B. Banda,151602,A. Watt,612,5.42,-10.44,5.34,20.14,25.63,27.64,-82.6,-16.75,-129.67,1,3,6.27,10.23,,False,False,True,42.68,2334,Team 1
7_22,149882,K. Abello,149954,K. Strom,1174,-53.25,13.85,-42.38,31.32,16.88,17.89,-138.83,-176.41,-153.74,10,-1,50.87,6.96,4141.0,False,False,False,96.50500000000001,2334,Team 1
7_28,149954,K. Strom,62389,Angelina,1213,-25.94,22.43,-54.27,14.37,20.95,29.03,14.71,-0.47,5.84,5,5,27.15,11.96,4141.0,True,False,False,41.07,2334,Team 1
7_29,62389,Angelina,610122,S. Yates,1226,-27.04,33.29,-25.17,23.76,9.8,9.71,101.1,58.54,112.62,7,-2,29.69,11.94,4141.0,False,False,False,55.623,2334,Team 1
7_37,816413,H. Anderson,151186,T. Malham,1304,-20.69,-0.61,-17.58,-3.98,4.84,4.93,-177.21,124.41,-151.74,10,-1,41.57,12.22,433.0,False,False,False,85.629,2337,Team 2
7_38,151186,T. Malham,57146,C. Roccaro,1334,-25.73,-6.75,-25.52,7.52,15.01,12.84,-99.32,162.83,-99.36,10,0,38.7,12.88,4123.0,False,False,False,79.42800000000001,2337,Team 2
7_41,57146,C. Roccaro,57112,N. Kuikka,1365,-21.08,-25.65,-31.34,-9.95,14.54,17.77,-60.58,-92.41,-56.1,8,2,28.26,10.3,433.0,False,False,False,58.341,2337,Team 2
7_47,22542,Marta,610122,S. Yates,1634,6.94,11.61,-2.44,-29.09,37.44,40.43,69.39,7.36,73.03,2,6,6.96,9.66,442.0,False,False,True,45.257999999999996,2334,Team 1
7_53,151151,H. McCutcheon,817541,C. Dyke,1726,7.47,-15.98,20.37,2.38,20.09,20.24,-118.86,-17.68,-113.81,10,-1,29.71,9.31,541.0,False,False,False,64.555,2334,Team 1
7_55,817541,C. Dyke,22542,Marta,1749,26.96,-25.16,8.6,-17.05,11.77,16.5,-33.56,-49.68,-16.03,4,5,8.05,7.36,424.0,False,False,False,33.511,2334,Team 1
7_64,57146,C. Roccaro,22810,M. Swanson,2438,-0.72,-18.63,-36.2,-23.77,21.19,22.24,-3.92,-91.28,-6.67,4,6,3.67,2.72,424.0,True,False,False,38.835,2337,Team 2
7_71,22542,Marta,610122,S. Yates,2510,15.2,25.21,12.26,30.18,5.45,5.77,-59.39,43.05,-58.73,3,1,11.17,4.53,,True,False,False,33.931000000000004,2334,Team 1
7_74,610122,S. Yates,62389,Angelina,2521,10.81,16.13,18.72,25.72,4.77,5.76,-117.86,-39.62,139.76,7,-1,18.01,5.48,,True,True,False,58.56400000000001,2334,Team 1
7_78,22810,M. Swanson,151149,S. Groom,2862,-3.94,8.83,0.11,-24.63,32.66,33.7,96.9,-19.13,104.27,4,0,14.7,14.56,424.0,False,False,True,48.766000000000005,2337,Team 2
7_86,62389,Angelina,149954,K. Strom,2922,-27.49,10.08,-17.38,4.76,10.55,11.2,148.99,174.56,139.65,10,-1,37.4,11.19,4231.0,False,False,False,86.44700000000002,2334,Team 1
7_91,149954,K. Strom,441597,E. Madril Sams,2958,-35.27,-0.46,-27.24,12.03,14.17,14.99,-121.13,-56.86,-113.72,10,0,39.74,13.1,4231.0,False,False,False,72.672,2334,Team 1
7_92,441597,E. Madril Sams,817541,C. Dyke,2976,-29.77,-16.25,-32.39,-3.11,6.64,12.71,-82.13,-55.75,-123.95,8,2,33.39,17.83,424.0,False,False,False,62.303999999999995,2334,Team 1
7_95,57146,C. Roccaro,22809,A. Naeher,3063,-46.86,3.11,-27.42,7.64,13.88,17.66,-168.44,-143.34,174.96,10,-1,61.17,21.18,4231.0,False,False,False,99.687,2337,Team 2
7_102,62389,Angelina,817541,C. Dyke,3125,-0.7,-21.2,7.15,-12.27,10.15,11.66,-141.13,-170.96,-135.4,10,-4,26.85,6.9,424.0,False,False,False,75.83900000000001,2334,Team 1
7_104,817541,C. Dyke,441597,E. Madril Sams,3150,-6.0,-13.77,-5.22,-21.37,7.16,6.91,96.48,-163.55,93.2,10,0,28.29,9.09,424.0,False,False,False,71.798,2334,Team 1
7_105,441597,E. Madril Sams,149954,K. Strom,3169,-11.34,1.58,-7.86,-14.03,13.38,16.88,110.64,130.85,107.62,10,0,31.07,10.53,424.0,False,False,False,74.35400000000001,2334,Team 1
7_106,149954,K. Strom,22542,Marta,3204,-0.07,8.13,-13.89,7.65,12.28,12.65,5.67,103.92,-7.25,8,2,16.77,8.23,424.0,True,False,False,45.107,2334,Team 1
7_112,22723,J. Grosso,816413,H. Anderson,3409,-37.26,13.82,-34.97,-13.02,16.9,20.65,92.61,8.67,106.32,10,0,41.08,15.39,424.0,False,False,False,65.292,2337,Team 2
7_115,816413,H. Anderson,57146,C. Roccaro,3481,-30.07,-14.76,-29.28,16.66,25.29,27.51,-90.44,72.36,-93.4,10,0,36.12,16.49,424.0,False,False,False,69.969,2337,Team 2
7_117,57146,C. Roccaro,57112,N. Kuikka,3512,-13.54,-26.9,-28.86,-13.26,14.27,16.05,-65.91,-70.32,-58.06,9,1,20.85,10.52,424.0,False,False,False,53.531000000000006,2337,Team 2
7_121,57112,N. Kuikka,57146,C. Roccaro,3560,-19.03,-20.55,-10.46,-32.25,10.66,13.37,143.3,-161.3,122.78,10,-1,31.22,8.57,451.0,False,False,False,80.33200000000001,2337,Team 2
7_123,57146,C. Roccaro,22809,A. Naeher,3592,-40.73,-3.17,-28.53,-19.73,14.35,17.62,129.82,148.92,111.04,10,0,50.01,27.19,424.0,False,False,False,84.85,2337,Team 2
7_126,22809,A. Naeher,816413,H. Anderson,3632,-32.19,8.82,-42.86,-3.75,13.45,14.17,54.25,-129.42,49.4,10,0,36.38,13.82,451.0,False,False,False,64.768,2337,Team 2
7_135,610122,S. Yates,149954,K. Strom,3861,-22.31,22.45,-13.27,17.09,10.63,10.51,149.34,,165.4,10,-1,33.22,12.51,424.0,False,False,False,,2334,Team 1
7_138,149954,K. Strom,441597,E. Madril Sams,3873,-24.8,4.59,-21.16,23.33,12.6,14.28,-104.07,76.09,-105.04,10,0,35.44,12.61,424.0,False,False,False,69.49799999999999,2334,Team 1
7_139,441597,E. Madril Sams,817541,C. Dyke,3897,-22.65,-17.34,-23.03,6.48,12.35,17.73,-94.88,-23.52,-92.74,10,0,33.2,16.55,424.0,False,False,False,60.109,2334,Team 1
7_143,816413,H. Anderson,22809,A. Naeher,4002,-49.42,8.72,-30.91,25.6,16.83,19.8,-130.74,125.35,-112.13,10,0,60.47,25.82,442.0,False,False,False,88.942,2337,Team 2
7_145,22809,A. Naeher,817547,B. Franklin,4034,-27.99,9.5,-50.67,14.02,19.25,19.2,-9.17,157.69,-7.88,8,2,31.4,11.65,442.0,True,False,False,59.619,2337,Team 2
7_150,817547,B. Franklin,816413,H. Anderson,4055,-46.07,23.98,-33.96,11.14,11.73,12.1,139.22,-55.85,144.09,10,-2,46.25,6.67,442.0,False,False,False,78.226,2337,Team 2
7_154,816413,H. Anderson,627434,A. Schlegel,4089,-13.12,-0.91,-42.12,16.59,30.65,32.27,-30.26,-110.14,-28.15,4,6,12.11,11.93,442.0,True,False,False,50.718999999999994,2337,Team 2
7_158,627434,A. Schlegel,817610,J. Joseph,4115,-0.64,7.49,-11.34,-2.5,12.05,14.64,43.03,-70.79,73.91,4,0,2.97,1.13,4132.0,True,False,True,38.147,2337,Team 2
7_162,817610,J. Joseph,151149,S. Groom,4141,-1.33,27.11,-2.93,1.8,12.21,19.68,70.13,-0.37,64.9,4,1,7.96,11.6,,False,False,False,30.363000000000003,2337,Team 2
7_163,151149,S. Groom,22723,J. Grosso,4172,-1.4,17.42,5.88,27.14,5.78,2.81,98.79,38.52,105.86,4,1,15.34,4.52,,False,False,False,44.31700000000001,2337,Team 2
7_166,22723,J. Grosso,817610,J. Joseph,4200,9.39,23.48,13.14,25.71,9.09,10.37,38.46,2.99,51.03,1,5,13.12,3.57,,False,True,False,32.321,2337,Team 2
7_171,62445,B. Banda,151602,A. Watt,4349,-30.24,-27.67,-6.48,-23.79,11.59,13.71,177.58,-7.43,162.53,5,-2,29.56,8.81,,True,False,False,62.249,2334,Team 1
7_175,151602,A. Watt,441597,E. Madril Sams,4375,-32.27,-15.73,-22.47,-27.97,16.83,15.41,128.39,-17.15,131.22,7,-1,38.35,8.73,,True,False,False,66.65400000000001,2334,Team 1
7_183,22723,J. Grosso,57146,C. Roccaro,4410,-5.4,3.57,15.71,22.82,18.62,21.14,-126.89,-162.76,-136.37,10,0,35.8,19.22,,False,False,False,84.244,2337,Team 2
7_185,57146,C. Roccaro,57112,N. Kuikka,4464,1.66,-19.84,-8.85,-1.5,15.67,19.81,-68.97,-109.72,-52.99,10,0,23.87,11.23,523.0,False,False,False,59.558,2337,Team 2
7_186,57112,N. Kuikka,57146,C. Roccaro,4500,-9.77,-12.91,0.84,-28.21,17.91,18.39,134.93,-132.73,131.04,10,0,35.96,17.14,523.0,False,False,False,81.795,2337,Team 2
7_189,57146,C. Roccaro,57112,N. Kuikka,4538,-0.49,-28.24,-12.54,-14.89,14.77,14.52,-54.27,160.31,-48.7,10,0,24.85,7.81,523.0,False,False,False,63.622,2337,Team 2
7_191,57112,N. Kuikka,22810,M. Swanson,4561,14.22,-30.08,-4.2,-26.51,13.01,14.97,-20.12,-153.14,-27.41,7,3,6.47,3.7,523.0,False,False,False,46.964999999999996,2337,Team 2
7_193,22810,M. Swanson,57146,C. Roccaro,4580,-16.83,-17.97,7.46,-32.42,24.22,26.98,148.34,-157.07,147.03,10,-3,37.21,17.43,343.0,False,False,False,85.129,2337,Team 2
7_194,57146,C. Roccaro,816413,H. Anderson,4612,-14.79,9.02,-20.26,-13.02,17.86,22.19,76.47,115.75,77.09,10,0,33.81,16.35,442.0,False,False,False,67.924,2337,Team 2
7_195,816413,H. Anderson,57146,C. Roccaro,4663,-19.25,-5.79,-20.22,18.3,20.58,22.12,-89.97,-127.93,-90.81,10,0,33.95,10.72,442.0,False,False,False,73.876,2337,Team 2
7_205,151186,T. Malham,57112,N. Kuikka,5033,16.68,-25.15,15.56,-7.71,16.26,15.53,-99.34,-165.01,-96.6,9,0,22.7,10.18,541.0,False,False,False,70.287,2337,Team 2
7_207,57112,N. Kuikka,57146,C. Roccaro,5061,-2.08,-17.74,11.45,-28.71,20.33,20.18,145.88,-178.9,147.82,10,-1,34.7,12.08,442.0,False,False,False,88.793,2337,Team 2
7_211,57146,C. Roccaro,57112,N. Kuikka,5104,10.55,-28.36,-8.13,-19.54,10.99,9.78,-50.81,-159.86,-42.31,10,0,17.25,6.52,424.0,False,False,False,57.916,2337,Team 2
7_213,57112,N. Kuikka,57146,C. Roccaro,5158,-6.43,-24.05,1.91,-32.14,11.62,11.62,135.87,174.46,135.38,10,0,32.9,10.93,424.0,False,False,False,84.321,2337,Team 2
7_217,149954,K. Strom,441597,E. Madril Sams,5640,-33.0,1.48,-29.1,15.46,13.35,13.69,-108.79,74.43,-112.61,10,0,39.31,11.97,424.0,False,False,False,72.849,2334,Team 1
7_219,441597,E. Madril Sams,817541,C. Dyke,5661,-29.39,-20.7,-31.54,2.98,18.56,22.39,-84.95,30.47,-86.45,10,0,35.9,18.31,424.0,False,False,False,62.043,2334,Team 1
7_220,817541,C. Dyke,151602,A. Watt,5687,-5.72,-32.9,-26.57,-21.86,19.64,19.74,-34.14,-147.33,-25.29,6,4,13.11,13.57,424.0,False,False,False,50.409,2334,Team 1
7_221,151602,A. Watt,22542,Marta,5712,7.27,-20.94,-11.85,-34.33,21.85,22.21,26.61,-88.86,26.1,3,3,2.22,5.2,343.0,False,False,True,35.782000000000004,2334,Team 1
7_224,22542,Marta,62389,Angelina,5732,-6.96,-20.49,6.29,-26.9,12.81,12.49,142.45,6.0,140.73,5,-2,17.17,3.3,,True,False,False,51.686,2334,Team 1
7_227,62389,Angelina,62445,B. Banda,5748,13.08,-18.57,0.64,-18.43,8.8,12.44,-0.64,-52.17,-87.85,0,5,0.8,3.92,,False,False,False,25.821999999999996,2334,Team 1
7_232,151186,T. Malham,151149,S. Groom,5843,-27.09,25.98,-42.7,23.65,7.86,8.75,-54.58,161.51,-80.18,6,1,23.17,4.58,,True,False,False,60.154,2337,Team 2
7_236,151149,S. Groom,816413,H. Anderson,5888,-44.35,19.99,-31.77,26.82,10.76,12.06,-160.18,75.83,-166.79,10,-3,40.89,10.87,,False,False,False,79.279,2337,Team 2
7_242,627434,A. Schlegel,57112,N. Kuikka,6373,45.56,-35.24,48.43,-26.92,8.46,8.8,-109.03,86.05,-118.59,4,-3,4.82,5.42,,False,False,True,43.230999999999995,2337,Team 2
7_258,22810,M. Swanson,22723,J. Grosso,7552,-36.39,-4.04,-37.76,-10.73,5.38,6.83,78.43,-50.55,71.57,5,0,25.58,2.34,,True,False,False,47.991,2337,Team 2
7_263,441597,E. Madril Sams,149954,K. Strom,7650,7.37,2.28,3.41,23.11,10.19,13.52,-116.3,163.74,-103.68,10,0,25.34,9.45,4231.0,False,False,False,74.209,2334,Team 1
7_267,149954,K. Strom,441597,E. Madril Sams,7697,-3.71,15.79,-7.45,4.12,12.22,11.37,86.37,-172.97,77.57,10,0,30.4,5.93,4231.0,False,False,False,73.37099999999998,2334,Team 1
7_274,441597,E. Madril Sams,22542,Marta,7773,18.5,21.41,-0.88,15.19,17.04,17.46,18.85,-153.63,20.9,5,5,8.22,8.41,4231.0,True,False,False,48.378,2334,Team 1
7_277,22542,Marta,149882,K. Abello,7792,23.61,30.2,16.61,20.15,10.13,14.29,45.96,-10.37,77.17,1,6,5.08,9.67,4321.0,False,False,False,29.995,2334,Team 1
7_281,149882,K. Abello,62445,B. Banda,7836,43.53,3.77,46.98,32.34,17.64,17.18,-91.47,7.52,-91.75,1,-1,3.83,1.77,,False,True,True,33.927,2334,Team 1
7_286,57146,C. Roccaro,57112,N. Kuikka,8222,-23.27,-31.84,-40.68,-21.52,16.72,16.92,-35.98,-127.87,-32.72,9,1,27.23,9.46,433.0,False,False,False,57.896,2337,Team 2
7_288,57112,N. Kuikka,57146,C. Roccaro,8246,-37.76,-23.34,-25.26,-31.62,15.44,14.99,146.48,-146.55,141.36,10,-1,42.4,15.51,433.0,False,False,False,86.669,2337,Team 2
7_289,57146,C. Roccaro,22809,A. Naeher,8266,-49.3,-4.64,-40.27,-23.53,18.75,19.8,119.14,175.43,129.92,10,0,53.07,24.43,433.0,False,False,False,91.72300000000001,2337,Team 2
7_291,22809,A. Naeher,816413,H. Anderson,8300,-36.02,8.16,-47.24,-3.18,14.27,15.89,59.19,105.18,56.2,10,0,39.0,14.38,424.0,False,False,False,64.96199999999999,2337,Team 2
7_293,816413,H. Anderson,57146,C. Roccaro,8333,-37.81,-16.28,-36.86,14.31,25.35,27.24,-95.67,79.08,-97.34,10,0,41.7,18.53,424.0,False,False,False,73.95800000000001,2337,Team 2
7_297,57146,C. Roccaro,817610,J. Joseph,8414,9.39,-11.17,-24.47,-21.51,20.98,33.54,17.02,-38.61,25.49,1,9,-1.77,3.73,424.0,False,False,True,34.545,2337,Team 2
7_298,817610,J. Joseph,22810,M. Swanson,8472,24.75,-28.53,32.84,-31.81,9.95,10.63,163.27,30.22,175.73,6,-5,12.52,6.77,,True,False,False,53.313,2337,Team 2
7_309,149954,K. Strom,22542,Marta,8609,-34.25,4.67,-38.65,8.38,6.78,6.07,-37.91,27.23,-44.34,6,3,30.26,4.78,,True,False,False,47.656,2334,Team 1
7_316,62445,B. Banda,149882,K. Abello,8704,-27.62,25.17,-6.37,24.99,17.15,16.5,-174.71,48.64,-164.65,10,-4,36.78,11.91,,False,False,False,75.953,2334,Team 1
7_317,149882,K. Abello,149954,K. Strom,8734,-31.42,18.2,-26.61,29.9,13.13,12.22,-125.41,151.33,-129.25,10,0,41.19,13.64,,False,False,False,84.40500000000002,2334,Team 1
7_320,149954,K. Strom,441597,E. Madril Sams,8764,-29.43,0.8,-33.63,19.45,15.23,18.24,-81.07,-79.22,-87.18,10,0,37.12,13.85,424.0,False,False,False,67.10600000000001,2334,Team 1
7_322,441597,E. Madril Sams,149954,K. Strom,8840,-26.13,6.69,-21.38,-15.71,20.78,21.68,103.58,-81.2,105.92,10,0,35.01,14.12,343.0,False,False,False,71.985,2334,Team 1
7_325,149954,K. Strom,441597,E. Madril Sams,8886,-19.86,-10.86,-21.33,7.1,16.6,16.17,-86.74,96.46,-86.23,10,0,28.65,10.95,424.0,False,False,False,66.058,2334,Team 1
7_328,441597,E. Madril Sams,151602,A. Watt,8918,2.39,-33.19,-20.32,-7.44,27.87,33.25,-42.16,36.8,-47.89,1,9,6.39,8.4,424.0,False,False,True,42.561,2334,Team 1
7_331,151186,T. Malham,22723,J. Grosso,8984,-28.0,12.84,-41.88,19.19,6.1,7.03,-22.51,174.6,-13.85,8,1,34.95,3.68,,True,False,False,61.165000000000006,2337,Team 2
7_334,22723,J. Grosso,151149,S. Groom,9006,-11.46,26.7,-36.29,14.81,22.23,24.41,26.28,178.18,28.5,5,3,13.75,1.78,424.0,False,False,False,52.984,2337,Team 2
7_336,817541,C. Dyke,151151,H. McCutcheon,9036,29.94,-21.83,23.46,-24.41,7.36,6.97,21.71,-173.16,12.07,6,1,11.72,5.12,,False,False,False,43.238,2334,Team 1
7_337,151151,H. McCutcheon,62389,Angelina,9044,20.43,-15.65,27.94,-21.6,9.31,9.58,141.61,21.8,136.17,7,-1,19.7,4.19,,True,False,False,58.263000000000005,2334,Team 1
7_340,62389,Angelina,817541,C. Dyke,9058,20.47,-23.34,22.95,-15.44,8.41,8.28,-107.43,-153.43,-114.74,8,-1,18.07,7.22,,False,False,False,64.174,2334,Team 1
7_343,817541,C. Dyke,151151,H. McCutcheon,9071,28.84,-25.64,19.17,-24.16,12.04,11.92,-17.83,-61.56,-9.46,4,5,8.31,4.81,451.0,False,False,False,33.19,2334,Team 1
7_344,151151,H. McCutcheon,817541,C. Dyke,9090,18.46,-26.43,31.8,-31.53,12.48,12.57,159.6,-93.66,154.61,9,-3,18.54,10.4,,False,False,False,67.221,2334,Team 1
7_346,817541,C. Dyke,441597,E. Madril Sams,9115,4.81,-20.42,17.65,-29.15,12.93,14.78,148.98,-137.49,145.56,10,-1,33.08,13.15,541.0,False,False,False,81.49199999999999,2334,Team 1
7_347,441597,E. Madril Sams,149954,K. Strom,9138,0.27,-4.01,4.77,-19.6,9.92,14.75,111.97,133.16,103.7,10,0,34.26,12.4,442.0,False,False,False,74.509,2334,Team 1
7_351,149954,K. Strom,441597,E. Madril Sams,9181,-1.36,-8.38,-2.59,4.92,13.88,12.65,-89.23,118.72,-88.93,10,0,28.9,12.25,424.0,False,False,False,67.852,2334,Team 1
7_359,22723,J. Grosso,817547,B. Franklin,9269,-19.77,2.7,-20.36,14.13,6.5,8.29,-100.98,174.56,-115.82,7,0,22.06,4.73,,True,False,False,69.17,2337,Team 2
7_362,817547,B. Franklin,816413,H. Anderson,9289,-32.4,12.19,-21.52,3.17,13.86,13.46,140.55,149.79,131.64,10,-1,34.61,10.17,,False,False,False,82.127,2337,Team 2
7_365,816413,H. Anderson,151186,T. Malham,9318,-25.36,27.98,-35.16,15.11,15.13,15.79,53.19,93.72,42.03,9,1,27.11,12.57,4141.0,False,False,False,55.974,2337,Team 2
7_366,151186,T. Malham,816413,H. Anderson,9344,-36.76,20.31,-24.39,30.72,15.41,14.88,-146.74,109.96,-143.9,10,-1,38.14,14.63,4141.0,False,False,False,81.32699999999998,2337,Team 2
7_367,816413,H. Anderson,22809,A. Naeher,9377,-47.11,3.72,-37.27,21.85,16.96,18.02,-120.69,-24.19,-125.42,10,0,49.98,21.68,424.0,False,False,False,74.772,2337,Team 2
7_369,22809,A. Naeher,57146,C. Roccaro,9413,-38.39,-14.59,-44.05,1.43,14.35,17.27,-75.07,-82.74,-68.96,10,0,41.29,18.04,424.0,False,False,False,66.01899999999999,2337,Team 2
7_371,57146,C. Roccaro,57112,N. Kuikka,9473,-9.3,-32.82,-28.58,-24.41,11.72,13.41,-33.23,-25.81,-45.17,6,4,14.9,8.34,424.0,False,False,False,39.719,2337,Team 2
7_378,610122,S. Yates,151602,A. Watt,10046,-33.35,-13.51,-27.93,-25.53,2.37,6.59,51.22,-25.52,78.83,3,3,27.38,2.36,,True,False,False,43.986,2334,Team 1
7_380,151602,A. Watt,62445,B. Banda,10108,-6.64,12.71,3.57,-30.71,47.0,44.34,103.05,-8.89,114.71,7,-4,20.68,8.89,,False,False,False,55.327000000000005,2334,Team 1
7_382,62445,B. Banda,610122,S. Yates,10172,17.01,-8.88,14.88,12.87,19.58,20.99,-83.38,30.33,-98.9,8,-1,12.67,9.59,,True,False,False,50.05200000000001,2334,Team 1
7_385,610122,S. Yates,151151,H. McCutcheon,10199,10.24,-0.98,19.1,-6.8,8.72,7.99,164.02,-20.56,-163.75,10,0,23.65,7.03,4141.0,False,False,False,69.868,2334,Team 1
7_388,151151,H. McCutcheon,149882,K. Abello,10222,5.86,19.56,11.67,-1.12,20.6,20.9,103.03,51.7,106.18,10,0,28.3,19.11,424.0,False,False,False,64.599,2334,Team 1
7_390,149882,K. Abello,149954,K. Strom,10252,-0.23,10.97,6.68,22.27,14.7,13.25,-121.45,118.61,-116.02,10,0,32.12,14.35,424.0,False,False,False,75.20799999999998,2334,Team 1
7_393,149954,K. Strom,441597,E. Madril Sams,10270,-1.11,-0.29,-0.58,11.4,10.0,11.21,-97.69,-110.35,-97.24,10,0,31.22,13.97,442.0,False,False,False,68.34400000000001,2334,Team 1
7_394,441597,E. Madril Sams,151602,A. Watt,10296,24.88,-32.87,-1.15,-4.16,10.86,12.03,-65.59,-178.17,-61.88,8,2,3.8,18.14,442.0,False,False,False,53.094,2334,Team 1
7_399,151186,T. Malham,151149,S. Groom,10658,-8.04,21.53,-10.41,33.45,9.45,9.96,-66.14,64.01,-70.47,5,1,12.75,3.21,4141.0,True,False,False,44.13,2337,Team 2
7_406,151149,S. Groom,817610,J. Joseph,10723,4.84,18.11,-14.28,22.55,13.66,16.38,-17.48,159.33,-15.45,4,5,2.78,1.91,4141.0,True,False,False,43.832,2337,Team 2
7_408,817610,J. Joseph,151186,T. Malham,10740,-0.01,33.37,1.24,19.8,7.19,10.69,78.62,16.86,61.69,3,2,8.19,7.56,442.0,False,False,False,31.457,2337,Team 2
7_409,151186,T. Malham,817610,J. Joseph,10770,-2.13,30.02,2.62,33.74,3.53,4.48,-169.97,151.91,177.4,8,-2,14.08,1.49,442.0,False,False,False,72.729,2337,Team 2
7_410,817610,J. Joseph,22723,J. Grosso,10788,-13.58,27.55,-4.77,31.65,5.53,5.29,-105.01,-49.01,-102.23,8,0,25.96,3.67,442.0,True,False,False,59.529999999999994,2337,Team 2
7_417,149873,A. Moorhouse,441597,E. Madril Sams,10913,-27.09,-10.06,-38.88,-3.47,11.35,13.51,-29.2,-167.05,-26.86,10,0,36.27,19.07,424.0,False,False,False,62.03700000000001,2334,Team 1
7_420,441597,E. Madril Sams,149954,K. Strom,10932,-32.61,7.27,-29.47,-11.34,17.03,18.86,95.08,31.36,100.04,10,0,39.39,17.33,424.0,False,False,False,65.986,2334,Team 1
7_422,149954,K. Strom,610122,S. Yates,10974,-4.7,18.18,-25.69,11.65,17.23,17.73,15.98,-153.65,12.67,7,3,9.87,6.82,424.0,True,False,False,49.470000000000006,2334,Team 1
7_429,610122,S. Yates,62445,B. Banda,11006,5.26,9.53,-8.49,15.12,12.76,14.31,-15.85,42.08,-12.45,2,5,1.46,1.53,424.0,True,False,True,29.29,2334,Team 1
7_436,62445,B. Banda,151151,H. McCutcheon,11102,23.4,-2.28,38.53,6.15,13.13,14.38,-151.05,-1.95,-154.96,6,-1,21.68,10.96,,True,False,False,57.883,2334,Team 1
7_437,151151,H. McCutcheon,151602,A. Watt,11121,41.45,-14.79,27.2,-2.54,13.9,17.56,-49.57,-113.79,-52.51,3,3,0.04,6.67,,False,False,False,36.943000000000005,2334,Team 1
7_446,22810,M. Swanson,627434,A. Schlegel,11893,-14.27,-22.44,-23.85,-32.04,8.99,10.83,52.77,-93.46,69.69,4,1,12.85,1.08,,True,False,True,46.498,2337,Team 2
7_448,627434,A. Schlegel,22810,M. Swanson,11911,-17.48,-32.36,-14.39,-24.56,11.29,8.39,-111.61,3.28,-124.03,4,0,17.15,1.2,,False,False,True,48.114,2337,Team 2
7_450,22810,M. Swanson,817610,J. Joseph,11936,-2.63,-28.52,-5.75,-30.9,1.43,3.92,37.34,-48.67,96.03,3,1,6.57,3.68,,True,False,True,35.182,2337,Team 2
7_451,22810,M. Swanson,817610,J. Joseph,12017,14.45,-34.72,16.48,-28.19,3.71,5.06,-122.5,144.59,-136.42,6,-1,12.51,8.0,4231.0,False,False,False,58.619,2337,Team 2
7_453,817610,J. Joseph,57112,N. Kuikka,12030,-3.2,-29.68,12.81,-34.08,14.53,15.07,164.17,-16.41,166.02,9,-3,31.51,7.99,4231.0,False,False,False,68.676,2337,Team 2
7_456,57112,N. Kuikka,816413,H. Anderson,12055,-8.69,0.46,1.3,-31.22,32.27,33.46,107.82,127.0,105.22,10,-1,34.4,15.58,4231.0,False,False,False,78.269,2337,Team 2
7_457,816413,H. Anderson,57146,C. Roccaro,12081,-18.42,-15.07,-15.88,0.21,14.5,13.29,-95.7,144.12,-86.64,10,0,39.42,16.68,424.0,False,False,False,75.37,2337,Team 2
7_459,57146,C. Roccaro,816413,H. Anderson,12103,-20.68,0.43,-19.71,-13.89,17.53,20.3,98.24,79.92,95.86,10,0,38.88,18.95,424.0,False,False,False,70.31099999999999,2337,Team 2
7_462,816413,H. Anderson,151186,T. Malham,12157,-3.64,29.11,-18.42,9.7,15.14,18.65,58.7,121.38,51.62,10,0,18.48,14.81,424.0,False,False,False,55.99,2337,Team 2
7_463,151186,T. Malham,816413,H. Anderson,12192,-14.4,19.47,-5.8,32.12,15.78,15.12,-127.67,138.01,-130.5,10,0,31.36,12.44,424.0,False,False,False,79.54400000000001,2337,Team 2
7_465,816413,H. Anderson,57146,C. Roccaro,12217,-17.82,-5.72,-16.17,18.53,21.55,22.94,-97.54,-104.71,-97.52,10,0,34.43,15.7,424.0,False,False,False,72.517,2337,Team 2
7_466,57146,C. Roccaro,57112,N. Kuikka,12256,-7.97,-25.12,-18.51,-9.8,14.58,16.88,-66.99,-116.36,-54.91,10,0,23.36,10.92,424.0,False,False,False,59.696000000000005,2337,Team 2
7_467,57112,N. Kuikka,57146,C. Roccaro,12284,-18.04,-16.6,-12.13,-27.78,13.16,12.74,143.78,-167.0,144.15,10,0,33.69,15.67,424.0,False,False,False,85.152,2337,Team 2
7_473,57146,C. Roccaro,151149,S. Groom,12352,12.71,9.02,-13.17,-17.4,29.91,35.4,45.1,-56.75,49.26,2,8,0.46,0.69,424.0,True,False,True,46.675999999999995,2337,Team 2
7_478,151149,S. Groom,817610,J. Joseph,12392,14.61,-8.06,28.06,2.25,12.23,11.43,-143.57,21.07,-143.65,5,-3,18.76,3.31,,True,True,False,55.716,2337,Team 2
7_483,22542,Marta,62389,Angelina,12456,-24.04,-6.22,-18.78,-11.61,5.24,7.4,79.18,23.33,96.35,6,0,24.28,6.48,,True,False,False,48.302,2334,Team 1
7_488,62389,Angelina,817541,C. Dyke,12499,-25.62,-14.72,-12.23,-1.62,13.99,16.48,-131.88,-26.0,-136.74,10,-3,33.12,11.82,424.0,False,False,False,65.355,2334,Team 1
7_491,817541,C. Dyke,151151,H. McCutcheon,12526,-10.56,-25.55,-20.45,-19.86,11.88,11.06,-33.3,-97.08,-16.38,9,1,18.93,9.38,424.0,False,False,False,47.329,2334,Team 1
7_493,151151,H. McCutcheon,817541,C. Dyke,12548,-22.37,-23.88,-12.57,-29.76,11.81,11.43,149.04,-156.54,144.02,10,-1,32.27,9.29,424.0,False,False,False,83.28000000000002,2334,Team 1
7_495,817541,C. Dyke,441597,E. Madril Sams,12560,-25.87,-11.04,-24.87,-24.15,13.25,13.08,95.22,178.24,98.99,10,0,35.66,14.26,424.0,False,False,False,78.19800000000001,2334,Team 1
7_496,441597,E. Madril Sams,149954,K. Strom,12579,-25.21,7.64,-26.76,-10.34,13.47,16.19,87.45,89.11,89.23,10,0,33.89,15.6,424.0,False,False,False,66.445,2334,Team 1
7_498,149954,K. Strom,149882,K. Abello,12609,-18.14,25.4,-23.61,10.77,7.71,8.81,81.32,-32.29,77.8,10,0,26.78,12.61,424.0,False,False,False,54.322,2334,Team 1
7_501,149882,K. Abello,610122,S. Yates,12641,0.33,31.64,-16.4,25.11,15.48,17.12,22.72,143.03,15.4,6,4,9.77,10.87,424.0,False,False,False,45.47,2334,Team 1
7_509,22723,J. Grosso,151149,S. Groom,12727,-12.64,-0.22,-17.69,-4.66,5.15,6.25,39.16,22.54,34.15,5,2,23.25,6.63,433.0,True,False,False,38.428999999999995,2337,Team 2
7_514,151149,S. Groom,816413,H. Anderson,12761,-26.49,4.41,-11.16,6.65,12.94,13.81,-176.85,93.14,-169.18,10,-3,35.44,9.02,433.0,False,False,False,81.215,2337,Team 2
7_515,816413,H. Anderson,22723,J. Grosso,12782,-15.11,4.67,-26.42,7.95,10.88,10.49,-15.6,135.0,-20.55,8,2,23.4,4.98,451.0,True,False,False,54.083000000000006,2337,Team 2
7_518,22723,J. Grosso,816413,H. Anderson,12802,-25.95,9.18,-16.47,4.94,11.2,10.38,155.9,117.22,154.62,10,-2,33.75,10.26,451.0,False,False,False,79.957,2337,Team 2
7_519,816413,H. Anderson,57146,C. Roccaro,12815,-29.31,-8.94,-27.13,9.39,19.01,17.74,-102.37,-165.96,-101.56,10,0,36.88,18.02,424.0,False,False,False,79.528,2337,Team 2
7_522,57146,C. Roccaro,817547,B. Franklin,12850,-12.2,-7.45,-28.31,-10.02,14.61,14.34,9.96,-146.95,11.61,10,0,20.46,5.76,424.0,True,False,False,54.313,2337,Team 2
7_523,817547,B. Franklin,57146,C. Roccaro,12868,-27.34,-10.93,-14.84,-7.61,14.85,12.93,-165.13,-151.78,-162.24,10,0,36.29,13.95,424.0,False,False,False,89.725,2337,Team 2
7_525,57146,C. Roccaro,57112,N. Kuikka,12885,-21.82,-28.77,-28.27,-12.04,14.96,16.38,-69.64,-141.6,-61.22,10,0,30.46,11.35,424.0,False,False,False,66.694,2337,Team 2
7_527,57112,N. Kuikka,57146,C. Roccaro,12908,-29.55,-16.08,-22.67,-28.94,15.65,15.3,128.71,-160.27,128.25,10,0,38.07,16.39,424.0,False,False,False,84.175,2337,Team 2
7_530,57146,C. Roccaro,816413,H. Anderson,12933,-28.89,11.42,-33.18,-16.38,24.56,26.89,86.1,117.26,92.4,10,0,36.18,19.02,424.0,False,False,False,73.23,2337,Team 2
7_536,816413,H. Anderson,817547,B. Franklin,13176,5.03,-10.86,-5.94,1.69,11.05,10.88,-58.53,-174.63,-57.12,7,1,22.08,5.78,424.0,False,False,False,59.727,2337,Team 2
7_540,817547,B. Franklin,57146,C. Roccaro,13199,-13.35,-5.83,1.06,-11.03,15.98,15.32,160.16,-156.4,156.71,10,-3,36.0,11.2,424.0,False,False,False,85.381,2337,Team 2
7_541,57146,C. Roccaro,57112,N. Kuikka,13213,-8.12,-21.81,-15.37,-8.3,14.0,14.8,-64.2,-128.99,-42.11,10,0,29.17,12.43,442.0,False,False,False,61.82900000000001,2337,Team 2
7_544,57112,N. Kuikka,22810,M. Swanson,13245,12.09,-26.29,-12.74,-27.86,16.56,17.2,0.6,-135.7,4.5,5,5,5.11,2.2,442.0,False,False,False,40.663000000000004,2337,Team 2
7_551,610122,S. Yates,441597,E. Madril Sams,13294,-13.0,13.56,-4.37,31.36,18.74,19.42,-113.98,-61.11,-112.3,9,-2,31.68,5.78,,True,False,False,68.04499999999999,2334,Team 1
7_553,441597,E. Madril Sams,151602,A. Watt,13318,1.53,-17.03,-10.46,8.05,22.02,29.04,-60.07,-32.81,-62.7,4,4,13.48,7.75,433.0,False,False,False,43.354000000000006,2334,Team 1
7_558,22542,Marta,441597,E. Madril Sams,13600,14.63,-22.3,30.23,-26.71,12.26,14.61,162.35,-168.42,158.56,10,-2,28.44,11.5,,False,False,False,83.531,2334,Team 1
7_560,441597,E. Madril Sams,149954,K. Strom,13626,10.2,-8.53,13.09,-21.7,10.23,13.73,107.76,113.7,106.59,10,0,27.9,14.95,,False,False,False,68.834,2334,Team 1
7_561,149954,K. Strom,149882,K. Abello,13649,16.1,16.11,8.83,-2.76,13.55,16.83,73.78,152.78,59.63,10,0,18.79,14.41,532.0,False,False,False,61.196999999999996,2334,Team 1
7_562,149882,K. Abello,149954,K. Strom,13674,6.82,5.67,11.88,17.94,12.6,12.15,-122.02,134.0,-119.8,10,0,26.96,11.7,343.0,False,False,False,74.502,2334,Team 1
7_564,149954,K. Strom,441597,E. Madril Sams,13697,3.09,-6.28,3.79,7.86,11.42,13.66,-94.49,-122.87,-93.31,10,0,28.78,14.11,442.0,False,False,False,68.061,2334,Team 1
7_565,441597,E. Madril Sams,22542,Marta,13720,20.05,-28.61,3.68,-10.08,18.48,21.54,-52.89,-117.41,-46.56,7,3,10.09,9.87,442.0,False,False,False,50.80100000000001,2334,Team 1
7_568,22542,Marta,817541,C. Dyke,13746,22.27,-21.57,18.8,-31.63,6.37,8.99,45.54,-41.96,43.73,4,3,8.89,4.31,442.0,True,False,False,35.117,2334,Team 1
7_573,610122,S. Yates,62445,B. Banda,14541,44.25,-3.04,50.23,-8.67,7.16,8.21,136.73,-135.31,127.69,10,-8,8.03,2.96,,False,True,True,61.04400000000001,2334,Team 1
7_580,817541,C. Dyke,62389,Angelina,14761,31.49,-5.03,43.67,-25.97,20.33,19.42,131.79,-89.34,127.51,8,-4,15.22,6.57,,False,False,False,59.25899999999999,2334,Team 1
7_582,62389,Angelina,610122,S. Yates,14789,43.44,-4.88,33.06,-16.98,13.63,15.94,49.38,8.19,52.0,1,7,3.06,1.33,,True,True,True,38.31,2334,Team 1
7_588,816413,H. Anderson,627434,A. Schlegel,14876,-33.72,3.65,-38.41,5.63,4.52,5.09,-22.89,-22.77,-19.24,6,2,21.48,5.75,,True,False,False,36.436,2337,Team 2
7_590,149954,K. Strom,149882,K. Abello,14918,20.84,9.71,7.86,6.17,13.38,13.7,26.86,100.28,16.95,8,2,16.14,7.61,,False,False,False,45.971000000000004,2334,Team 1
7_591,149882,K. Abello,22542,Marta,14948,28.41,7.36,21.48,19.21,6.13,7.57,-4.62,47.83,1.5,4,2,7.11,2.58,,False,False,False,23.273000000000003,2334,Team 1
7_596,22542,Marta,149882,K. Abello,14984,31.11,16.95,37.62,19.93,5.16,4.12,-86.94,21.06,-45.47,2,4,9.19,2.87,,True,False,True,37.416000000000004,2334,Team 1
7_605,610122,S. Yates,62389,Angelina,15304,46.21,-0.87,51.39,19.33,16.23,17.89,-115.61,122.87,-130.88,8,-8,5.47,3.85,,True,True,True,57.269999999999996,2334,Team 1
7_606,22723,J. Grosso,151186,T. Malham,16174,-5.25,25.75,-3.45,0.93,19.06,22.64,95.68,-106.82,103.04,10,0,26.82,16.0,442.0,False,False,False,68.482,2337,Team 2
7_609,151186,T. Malham,816413,H. Anderson,16198,-16.02,12.03,-4.26,24.02,17.13,15.92,-134.21,121.87,-134.69,10,0,37.68,20.06,442.0,False,False,False,81.044,2337,Team 2
7_610,816413,H. Anderson,22723,J. Grosso,16223,-2.75,10.82,-16.35,11.9,9.98,10.35,-3.99,-162.86,-2.18,10,0,21.34,8.07,442.0,False,False,False,50.95300000000001,2337,Team 2
7_614,22723,J. Grosso,816413,H. Anderson,16241,-14.73,10.58,-6.39,9.73,8.69,8.49,169.48,-178.77,165.74,10,0,32.71,13.52,442.0,False,False,False,89.65700000000001,2337,Team 2
7_616,816413,H. Anderson,22809,A. Naeher,16272,-38.63,0.53,-17.95,12.04,21.13,23.07,-148.31,-149.04,-136.42,10,0,54.59,26.82,442.0,False,False,False,93.647,2337,Team 2
7_617,22809,A. Naeher,57146,C. Roccaro,16302,-25.79,-15.35,-38.72,-1.35,19.91,19.61,-64.48,-132.06,-60.51,10,0,37.19,18.45,442.0,False,False,False,68.583,2337,Team 2
7_619,57146,C. Roccaro,22810,M. Swanson,16340,7.22,-10.95,-27.58,-22.18,22.08,23.36,16.95,-86.13,12.74,5,5,2.18,1.83,4141.0,True,False,True,42.93000000000001,2337,Team 2
7_628,62389,Angelina,441597,E. Madril Sams,16421,-18.5,9.93,-2.5,19.34,14.42,18.56,-149.54,-100.89,-157.88,10,-4,33.35,14.19,,False,False,False,74.994,2334,Team 1
7_637,151151,H. McCutcheon,441597,E. Madril Sams,17757,-28.59,1.68,-18.24,8.22,10.55,11.36,-145.88,-131.19,-148.57,10,0,38.72,16.14,424.0,False,False,False,83.861,2334,Team 1
7_642,441597,E. Madril Sams,817541,C. Dyke,17774,-27.44,-12.06,-29.22,1.47,12.29,14.27,-88.8,-119.39,-89.77,10,0,36.36,11.94,424.0,False,False,False,71.27499999999999,2334,Team 1
7_646,817541,C. Dyke,441597,E. Madril Sams,17797,-28.56,-1.67,-28.92,-15.88,12.38,11.57,93.62,-95.26,95.01,10,0,37.18,17.49,424.0,False,False,False,69.195,2334,Team 1
7_647,441597,E. Madril Sams,149954,K. Strom,17825,-28.39,12.32,-29.53,-6.26,15.53,17.55,85.49,-109.8,88.15,10,0,37.17,15.53,424.0,False,False,False,70.482,2334,Team 1
7_649,149954,K. Strom,441597,E. Madril Sams,17864,-28.19,-2.57,-27.28,13.59,16.16,16.0,-93.04,57.2,-92.48,10,0,36.33,17.58,424.0,False,False,False,65.76899999999999,2334,Team 1
7_650,441597,E. Madril Sams,817541,C. Dyke,17884,-24.22,-18.22,-26.84,-2.34,12.29,13.83,-97.39,-141.83,-87.67,10,0,32.65,10.94,424.0,False,False,False,72.51299999999999,2334,Team 1
7_653,817541,C. Dyke,441597,E. Madril Sams,17919,-27.01,-7.74,-27.39,-21.06,13.93,13.12,98.64,-164.83,105.31,10,0,36.68,18.65,424.0,False,False,False,77.667,2334,Team 1
7_654,441597,E. Madril Sams,149954,K. Strom,17948,-28.92,13.13,-29.94,-8.56,18.89,21.91,87.31,57.53,90.45,10,0,38.48,17.06,424.0,False,False,False,67.024,2334,Team 1
7_656,149954,K. Strom,149882,K. Abello,17976,-3.74,32.79,-26.89,14.12,21.51,24.92,38.52,96.2,34.13,7,3,13.81,18.39,424.0,False,False,False,47.065000000000005,2334,Team 1
7_658,149882,K. Abello,62389,Angelina,18007,8.38,19.61,-4.24,30.9,7.36,11.32,-19.12,129.03,22.03,4,3,3.47,5.54,433.0,True,False,False,36.353,2334,Team 1
7_665,62389,Angelina,441597,E. Madril Sams,18070,-16.36,9.85,0.45,28.88,13.12,20.31,-129.03,120.96,-136.92,10,-1,38.65,16.11,,False,False,False,79.23,2334,Team 1
7_667,441597,E. Madril Sams,817541,C. Dyke,18098,-16.68,-8.24,-19.0,10.35,12.3,17.88,-91.54,-144.36,-78.98,10,0,33.17,10.58,424.0,False,False,False,71.647,2334,Team 1
7_668,817541,C. Dyke,441597,E. Madril Sams,18131,-23.2,0.84,-23.81,-14.8,13.14,10.95,108.3,-86.86,110.21,10,0,35.97,15.49,424.0,False,False,False,71.366,2334,Team 1
7_670,441597,E. Madril Sams,149954,K. Strom,18182,-21.73,13.22,-20.41,-8.76,14.77,19.31,93.68,-13.75,90.47,10,0,33.35,17.99,424.0,False,False,False,59.298,2334,Team 1
7_678,57112,N. Kuikka,22723,J. Grosso,18425,3.79,-15.73,-7.7,-26.13,11.78,11.75,44.69,-169.41,44.04,8,2,18.65,6.32,442.0,True,False,False,60.409,2337,Team 2
7_680,22723,J. Grosso,57146,C. Roccaro,18443,-18.28,-19.1,-1.08,-16.79,16.38,17.05,-175.66,139.28,-159.52,10,-2,37.12,15.52,442.0,False,False,False,86.81600000000002,2337,Team 2
7_682,57146,C. Roccaro,816413,H. Anderson,18472,-16.06,8.38,-20.8,-11.69,18.94,20.61,78.86,100.55,73.84,10,0,31.05,16.57,442.0,False,False,False,65.21800000000002,2337,Team 2
7_684,816413,H. Anderson,151186,T. Malham,18504,-5.59,27.93,-17.45,15.51,17.13,16.74,51.6,113.02,41.5,9,1,19.8,11.35,442.0,False,False,False,54.88099999999999,2337,Team 2
7_685,151186,T. Malham,816413,H. Anderson,18529,-19.24,18.51,-9.7,31.17,17.08,15.94,-134.49,159.17,-133.65,10,0,34.48,10.22,442.0,False,False,False,85.051,2337,Team 2
7_686,816413,H. Anderson,57146,C. Roccaro,18558,-25.09,-5.38,-24.63,17.98,19.91,22.17,-94.42,-115.43,-94.12,10,0,38.23,16.72,442.0,False,False,False,74.141,2337,Team 2
7_687,57146,C. Roccaro,57112,N. Kuikka,18596,-12.42,-28.2,-26.56,-11.84,11.54,12.47,-69.82,-88.11,-57.85,9,1,23.33,12.08,442.0,False,False,False,55.78900000000001,2337,Team 2
7_692,57112,N. Kuikka,22809,A. Naeher,18658,-38.45,-3.56,-13.66,-30.51,29.6,32.7,133.22,-154.31,121.53,10,-1,51.96,30.56,442.0,False,False,False,90.15400000000001,2337,Team 2
7_696,816413,H. Anderson,22809,A. Naeher,18867,-49.62,4.28,-37.49,22.15,19.28,20.98,-123.73,74.74,-119.28,10,0,53.71,23.44,4141.0,False,False,False,81.726,2337,Team 2
7_697,22809,A. Naeher,57146,C. Roccaro,18894,-40.65,-11.85,-47.99,5.0,15.0,17.81,-74.63,-120.2,-73.18,10,0,43.59,17.93,442.0,False,False,False,71.51,2337,Team 2
7_703,151149,S. Groom,22810,M. Swanson,19396,4.74,-21.85,-9.74,-20.62,8.11,10.37,5.7,7.35,12.39,2,3,0.28,2.31,,True,False,False,17.155,2337,Team 2
7_712,627434,A. Schlegel,151149,S. Groom,19651,12.17,-25.78,18.27,-26.7,1.69,6.17,171.42,83.8,-170.82,7,-1,17.28,2.52,,True,False,False,67.747,2337,Team 2
7_715,151149,S. Groom,817547,B. Franklin,19668,9.71,-11.37,14.71,-20.23,7.37,8.43,137.84,153.43,168.66,9,-2,18.11,4.41,451.0,False,False,False,73.37700000000001,2337,Team 2
7_717,817547,B. Franklin,22723,J. Grosso,19690,8.64,-18.76,7.53,-11.29,7.74,7.55,-81.55,91.77,-71.78,8,1,18.43,6.81,442.0,True,False,False,56.18500000000001,2337,Team 2
7_721,22723,J. Grosso,816413,H. Anderson,19706,-4.78,0.61,9.11,-17.21,19.7,21.4,122.79,74.12,136.42,9,0,31.2,15.58,4231.0,False,False,False,71.72699999999999,2337,Team 2
7_730,441597,E. Madril Sams,817541,C. Dyke,19917,-34.58,-29.0,-45.81,-11.9,15.27,18.08,-59.01,-65.88,-56.16,10,0,36.6,19.53,424.0,False,False,False,59.080000000000005,2334,Team 1
7_731,817541,C. Dyke,441597,E. Madril Sams,19944,-42.78,-16.99,-34.55,-29.74,14.75,13.4,126.96,-79.83,127.01,10,0,44.81,18.96,424.0,False,False,False,78.418,2334,Team 1
7_734,441597,E. Madril Sams,149954,K. Strom,19972,-41.82,9.97,-40.61,-19.83,14.69,18.45,107.05,3.74,102.18,10,0,43.86,18.01,424.0,False,False,False,66.032,2334,Team 1
7_738,149954,K. Strom,441597,E. Madril Sams,20056,-32.75,-4.0,-31.13,11.22,17.55,15.31,-96.08,132.94,-93.59,10,0,35.47,12.45,424.0,False,False,False,74.771,2334,Team 1
7_740,441597,E. Madril Sams,817541,C. Dyke,20071,-33.83,-18.22,-37.23,-2.33,10.84,12.52,-109.45,-103.78,-102.68,10,0,35.79,10.3,424.0,False,False,False,72.678,2334,Team 1
7_746,817541,C. Dyke,441597,E. Madril Sams,20148,-32.22,-10.78,-34.12,-22.5,10.43,9.9,94.69,-142.56,95.61,10,0,36.01,10.46,343.0,False,False,False,74.328,2334,Team 1
7_747,441597,E. Madril Sams,149954,K. Strom,20178,-35.58,8.62,-35.3,-13.17,13.37,17.22,95.26,178.36,94.98,10,0,38.35,15.98,424.0,False,False,False,78.85000000000001,2334,Team 1
7_750,149954,K. Strom,610122,S. Yates,20217,-6.53,31.29,-36.91,9.61,29.67,34.63,38.06,128.38,38.45,5,5,9.84,14.52,424.0,False,False,False,50.906000000000006,2334,Team 1
7_755,62389,Angelina,22542,Marta,20290,-17.87,17.17,-23.93,24.44,13.98,4.53,-113.0,-17.88,166.94,6,-1,22.23,5.47,,True,True,False,61.497,2334,Team 1
7_758,22542,Marta,151602,A. Watt,20379,26.41,-24.34,15.91,-5.17,15.2,21.86,-61.29,-14.65,-80.19,2,4,2.66,17.07,442.0,False,False,False,30.089,2334,Team 1
7_764,22809,A. Naeher,57146,C. Roccaro,22099,-42.56,-17.85,-49.87,-1.44,18.67,19.38,-67.43,-103.77,-68.55,10,0,40.34,12.89,424.0,False,False,False,69.168,2337,Team 2
7_768,57146,C. Roccaro,57112,N. Kuikka,22170,-20.8,-30.53,-35.8,-24.91,10.92,15.71,-20.49,-12.02,-34.78,9,1,25.63,3.63,424.0,False,False,False,43.594,2337,Team 2
7_771,57112,N. Kuikka,57146,C. Roccaro,22202,-25.22,-22.42,-13.49,-30.61,18.25,17.79,146.65,121.32,148.19,10,-1,35.1,12.71,424.0,False,False,False,82.599,2337,Team 2
7_774,57146,C. Roccaro,816413,H. Anderson,22247,-27.66,3.95,-28.69,-14.82,18.04,19.89,88.85,80.64,97.74,10,0,38.1,21.86,4141.0,False,False,False,68.813,2337,Team 2
7_776,816413,H. Anderson,57146,C. Roccaro,22295,-22.3,-9.46,-23.05,11.51,20.6,19.3,-92.91,5.54,-97.61,10,0,35.19,17.99,424.0,False,False,False,61.783,2337,Team 2
7_787,22723,J. Grosso,22810,M. Swanson,22929,16.26,13.23,-3.85,3.38,16.53,18.26,31.36,117.47,32.87,4,3,2.91,3.06,442.0,True,False,False,40.471999999999994,2337,Team 2
7_791,62389,Angelina,441597,E. Madril Sams,22955,-14.12,-15.86,-12.18,-17.91,2.44,2.82,133.42,9.11,135.83,7,-1,25.44,2.27,,True,False,False,57.333999999999996,2334,Team 1
7_792,441597,E. Madril Sams,62445,B. Banda,22958,7.49,-2.99,-13.63,-15.39,21.25,21.54,26.77,-164.79,19.07,2,5,3.21,5.17,,True,False,True,46.009,2334,Team 1
7_798,817547,B. Franklin,816413,H. Anderson,23892,-20.28,6.13,-10.93,4.84,9.61,9.44,172.14,87.21,175.7,10,0,36.61,19.87,532.0,False,False,False,82.71900000000001,2337,Team 2
7_800,816413,H. Anderson,57146,C. Roccaro,23902,-20.85,-8.68,-20.36,6.37,14.58,12.3,-107.07,-69.88,-100.55,10,0,37.07,16.66,442.0,False,False,False,69.32700000000001,2337,Team 2
7_806,149882,K. Abello,62389,Angelina,24022,-14.49,20.9,-28.0,24.1,15.64,13.88,-13.33,-169.02,-0.59,7,3,22.41,4.25,,True,False,False,55.841,2334,Team 1
7_810,62389,Angelina,149954,K. Strom,24041,-33.93,14.92,-21.64,15.86,8.37,12.33,-175.63,-158.58,153.01,10,-3,37.43,10.81,,False,False,False,85.286,2334,Team 1
7_821,149954,K. Strom,149873,A. Moorhouse,24455,-46.71,6.31,-32.91,20.19,17.93,19.6,-134.92,-127.57,-134.59,10,0,50.51,22.34,424.0,False,False,False,87.87399999999998,2334,Team 1
7_824,149873,A. Moorhouse,149954,K. Strom,24514,-37.45,14.72,-47.34,-5.13,13.43,16.5,74.89,-173.56,70.47,10,0,40.76,15.61,424.0,False,False,False,75.179,2334,Team 1
7_831,57112,N. Kuikka,817610,J. Joseph,24639,7.41,-30.45,-19.25,-29.76,26.49,24.98,6.6,-177.98,5.96,5,5,13.35,6.71,,False,False,False,51.833999999999996,2337,Team 2
7_834,817610,J. Joseph,22723,J. Grosso,24665,-9.5,-23.84,-3.63,-27.47,4.97,4.76,164.91,104.59,-170.75,7,-1,21.03,5.0,,True,False,False,71.531,2337,Team 2
7_841,22723,J. Grosso,816413,H. Anderson,24682,-23.65,-4.68,-9.58,-21.13,20.46,21.42,123.81,62.95,130.7,10,-3,34.07,14.99,,False,False,False,69.42099999999999,2337,Team 2
7_843,816413,H. Anderson,151149,S. Groom,24710,1.75,3.62,-20.79,3.59,11.13,12.3,-4.85,126.6,-18.27,8,2,9.22,6.65,,True,False,False,44.591,2337,Team 2
7_849,151149,S. Groom,57112,N. Kuikka,24760,-1.72,-21.18,-3.57,6.53,21.34,22.41,-83.36,-33.95,-101.63,7,1,19.45,6.55,433.0,False,False,False,54.211000000000006,2337,Team 2
7_855,57112,N. Kuikka,57146,C. Roccaro,24819,-10.34,-13.97,8.87,-31.48,19.22,21.84,138.99,-111.56,131.2,10,-1,39.26,14.04,433.0,False,False,False,81.263,2337,Team 2
7_856,57146,C. Roccaro,816413,H. Anderson,24848,-9.56,5.91,-13.8,-16.65,21.71,25.31,86.47,100.85,88.34,10,0,34.04,16.83,442.0,False,False,False,69.733,2337,Team 2
7_861,816413,H. Anderson,22809,A. Naeher,24947,-34.46,4.33,-10.0,21.88,24.32,28.53,-141.53,98.19,-132.62,10,0,53.92,31.12,442.0,False,False,False,87.266,2337,Team 2
7_862,22809,A. Naeher,57146,C. Roccaro,24990,-23.08,-7.8,-31.8,3.94,12.63,13.21,-63.09,-128.41,-50.75,10,0,35.7,14.67,442.0,False,False,False,64.93,2337,Team 2
7_863,57146,C. Roccaro,57112,N. Kuikka,25024,-7.97,-27.9,-22.41,-13.84,12.01,11.83,-67.75,-129.54,-51.66,10,0,18.92,8.07,442.0,False,False,False,58.344,2337,Team 2
7_866,57112,N. Kuikka,57146,C. Roccaro,25066,-19.25,-23.12,-14.26,-32.11,10.99,11.35,131.11,175.73,126.08,10,0,31.15,7.45,433.0,False,False,False,82.674,2337,Team 2
7_867,57146,C. Roccaro,22809,A. Naeher,25092,-42.73,-4.81,-28.47,-20.37,17.19,20.23,135.86,166.69,127.53,10,0,51.18,25.22,433.0,False,False,False,90.71100000000001,2337,Team 2
7_870,22809,A. Naeher,57146,C. Roccaro,25143,-37.13,-17.68,-47.54,-3.97,16.66,15.86,-58.32,167.26,-57.75,10,0,40.6,13.81,442.0,False,False,False,72.869,2337,Team 2
7_873,57146,C. Roccaro,627434,A. Schlegel,25199,-10.41,-12.62,-29.82,-22.76,17.05,16.75,35.4,-117.34,39.86,8,2,16.4,2.26,442.0,True,False,False,55.123000000000005,2337,Team 2
7_874,627434,A. Schlegel,22723,J. Grosso,25223,-19.17,-12.32,-13.21,-17.32,8.76,7.78,140.01,-49.4,136.85,10,-2,26.84,4.59,442.0,False,False,False,66.75599999999999,2337,Team 2
7_877,22723,J. Grosso,816413,H. Anderson,25234,-26.56,-2.19,-19.01,-11.35,8.09,11.14,130.45,90.4,171.26,10,0,33.91,8.53,442.0,False,False,False,78.88699999999999,2337,Team 2
7_879,816413,H. Anderson,57146,C. Roccaro,25267,-27.13,-20.63,-26.91,6.24,25.39,25.49,-89.55,72.02,-94.41,10,0,35.17,19.79,442.0,False,False,False,68.84200000000001,2337,Team 2
7_888,57112,N. Kuikka,817547,B. Franklin,25397,9.23,-12.94,25.78,-28.93,8.28,10.03,165.98,-40.36,164.87,9,-1,27.61,9.82,,True,False,False,71.946,2337,Team 2
7_894,817547,B. Franklin,816413,H. Anderson,25445,3.64,1.54,11.42,-11.38,14.47,14.54,121.27,85.73,127.25,10,-1,33.45,16.87,4321.0,False,False,False,71.61700000000002,2337,Team 2
7_898,816413,H. Anderson,57146,C. Roccaro,25508,-0.89,-4.38,8.67,14.51,16.12,19.36,-119.73,138.72,-105.32,10,0,34.28,9.59,442.0,False,False,False,78.435,2337,Team 2
7_902,57146,C. Roccaro,816413,H. Anderson,25545,2.47,11.96,-1.67,-5.38,16.96,16.79,83.33,-156.15,86.82,10,0,28.98,11.64,442.0,False,False,False,71.88,2337,Team 2
7_910,151149,S. Groom,151186,T. Malham,25621,30.67,31.26,31.45,6.64,16.22,19.07,82.77,14.58,95.34,1,4,5.16,6.76,532.0,False,False,True,37.86300000000001,2337,Team 2
7_917,441597,E. Madril Sams,62389,Angelina,25671,-35.69,-7.31,-44.88,-14.09,9.21,11.17,37.91,-138.5,41.04,6,3,30.8,8.67,,True,False,False,58.674,2334,Team 1
7_923,62389,Angelina,817541,C. Dyke,25728,-39.27,-19.05,-32.16,-16.25,7.1,7.19,-157.36,-23.73,-159.29,10,-2,38.35,6.95,,False,False,False,72.953,2334,Team 1
7_924,817541,C. Dyke,151151,H. McCutcheon,25737,-33.63,-23.88,-38.26,-19.61,6.92,6.3,-42.68,-99.97,-35.94,8,2,33.3,6.96,,False,False,False,56.193,2334,Team 1
7_925,151151,H. McCutcheon,151602,A. Watt,25749,-26.44,-34.03,-33.15,-25.92,4.79,5.49,-65.21,-160.02,-74.14,8,0,25.89,7.8,,False,False,False,60.759,2334,Team 1
7_929,151602,A. Watt,817541,C. Dyke,25776,-38.78,-23.14,-29.34,-34.48,13.97,13.47,133.5,-95.3,135.09,10,-2,38.13,8.29,,False,False,False,76.98700000000001,2334,Team 1
7_931,817541,C. Dyke,151602,A. Watt,25806,-28.99,-34.52,-37.73,-26.07,11.19,10.83,-45.0,169.84,-35.39,8,2,28.37,4.95,,False,False,False,62.575,2334,Team 1
7_934,151602,A. Watt,151151,H. McCutcheon,25821,-27.51,-25.09,-31.77,-33.7,9.26,9.61,63.68,-116.03,64.13,7,1,26.51,5.48,,True,False,False,58.821,2334,Team 1
7_937,151151,H. McCutcheon,151602,A. Watt,25839,-31.46,-33.61,-29.88,-26.7,6.08,6.84,-100.95,-133.03,-97.09,8,0,30.47,3.85,,False,False,False,67.396,2334,Team 1
7_941,151602,A. Watt,817541,C. Dyke,25848,-41.74,-28.87,-31.47,-33.91,12.74,11.44,153.86,-74.54,155.67,10,-2,40.85,7.72,,False,False,False,80.11000000000001,2334,Team 1
7_943,817541,C. Dyke,151602,A. Watt,25866,-30.13,-34.12,-44.05,-32.52,15.58,14.01,-6.56,36.87,-3.61,6,4,29.07,0.94,,False,False,True,46.224999999999994,2334,Team 1
7_948,22542,Marta,149882,K. Abello,26080,-24.13,10.68,-29.92,-25.86,28.54,36.6,80.68,102.16,80.05,8,1,27.68,19.84,442.0,False,False,False,64.223,2334,Team 1
7_950,149882,K. Abello,62445,B. Banda,26103,-2.83,13.99,-28.12,14.85,8.96,14.7,24.18,76.54,13.94,4,4,5.81,6.81,4231.0,False,False,False,31.697000000000006,2334,Team 1
7_952,62445,B. Banda,63540,Adriana,26162,11.69,14.57,3.16,32.53,14.87,17.55,-60.92,78.48,-80.71,4,1,2.31,5.87,541.0,True,False,False,39.953,2334,Team 1
7_954,63540,Adriana,62445,B. Banda,26186,9.82,31.85,10.95,21.49,10.27,8.73,56.49,-14.47,89.94,0,5,7.19,2.36,451.0,False,True,True,37.294,2334,Team 1
7_961,57146,C. Roccaro,816413,H. Anderson,26591,-35.41,3.78,-34.04,-26.06,26.19,29.73,92.83,121.43,93.74,10,0,40.12,18.32,424.0,False,False,False,77.053,2337,Team 2
7_962,816413,H. Anderson,22723,J. Grosso,26619,-27.38,11.54,-38.46,5.84,9.66,11.17,35.53,117.28,40.47,10,0,31.14,9.85,424.0,False,False,False,57.826,2337,Team 2
7_966,22723,J. Grosso,816413,H. Anderson,26682,-24.77,10.65,-10.65,22.38,17.7,16.86,-139.23,22.92,-146.43,10,-1,36.57,17.71,424.0,False,False,False,71.411,2337,Team 2
7_971,816413,H. Anderson,151186,T. Malham,26739,-0.66,33.53,-16.45,13.27,11.34,12.39,59.21,-171.61,48.18,9,1,13.15,9.53,424.0,False,False,False,57.47100000000001,2337,Team 2
7_973,151186,T. Malham,22723,J. Grosso,26781,-5.59,16.75,-8.31,31.5,14.32,14.59,-79.58,101.69,-82.25,8,1,20.29,5.55,424.0,True,False,False,61.18299999999999,2337,Team 2
7_980,22723,J. Grosso,151149,S. Groom,26847,10.43,17.75,4.77,5.62,8.11,9.85,50.15,-72.0,51.6,6,2,11.4,6.64,442.0,True,False,False,43.18,2337,Team 2
7_989,57112,N. Kuikka,817610,J. Joseph,27580,6.39,-26.2,-5.66,-25.25,12.65,12.09,-4.51,-171.19,-5.49,4,5,7.41,7.3,4141.0,True,False,False,43.659,2337,Team 2
7_994,149882,K. Abello,149954,K. Strom,28033,-41.09,23.52,-29.39,33.45,16.48,15.35,-139.68,,-142.5,10,0,43.4,16.78,424.0,False,False,False,,2334,Team 1
7_995,149954,K. Strom,149873,A. Moorhouse,28046,-51.16,5.16,-41.13,24.72,19.92,20.78,-119.11,14.93,-126.01,10,0,53.69,24.02,424.0,False,False,False,76.02199999999999,2334,Team 1
7_997,149873,A. Moorhouse,149954,K. Strom,28101,-37.62,17.85,-44.55,3.18,12.69,12.38,72.6,-81.83,69.71,10,0,41.23,16.62,424.0,False,False,False,65.512,2334,Team 1
7_1001,149954,K. Strom,63540,Adriana,28180,-5.1,6.34,-28.75,15.74,22.65,24.68,-21.89,168.83,-20.71,5,5,11.4,3.26,424.0,True,False,False,54.486000000000004,2334,Team 1
7_1004,63540,Adriana,151151,H. McCutcheon,28197,-17.1,5.7,-8.78,6.91,7.13,8.41,-171.73,39.4,-170.96,9,-4,23.26,3.88,424.0,True,False,False,67.20200000000001,2334,Team 1
7_1007,151149,S. Groom,22810,M. Swanson,28217,17.64,4.91,14.1,8.66,3.67,5.16,-46.65,113.61,-36.46,4,1,13.78,6.98,,True,True,False,42.766999999999996,2337,Team 2
7_1012,22810,M. Swanson,816413,H. Anderson,28262,1.32,8.59,25.47,16.22,23.69,24.34,-161.65,38.25,-155.43,9,-3,34.56,17.53,,False,False,False,71.91400000000002,2337,Team 2
7_1013,816413,H. Anderson,57146,C. Roccaro,28284,-2.68,-5.82,5.93,9.78,16.43,17.36,-120.54,-138.5,-107.42,10,0,36.99,11.58,424.0,False,False,False,79.754,2337,Team 2
7_1017,57146,C. Roccaro,816413,H. Anderson,28340,-1.13,11.53,-0.97,-11.08,19.78,22.19,91.86,-169.05,87.71,10,0,30.61,14.06,442.0,False,False,False,75.289,2337,Team 2
7_1021,817541,C. Dyke,151602,A. Watt,28399,-14.71,-26.85,-33.06,-27.06,21.4,18.35,0.66,-139.62,19.98,5,5,18.16,5.45,,True,False,False,51.93599999999999,2334,Team 1
7_1024,151149,S. Groom,22810,M. Swanson,28449,27.43,17.85,15.94,28.07,9.41,12.86,-43.17,-142.98,-44.44,5,2,6.06,5.98,424.0,True,False,False,44.716,2337,Team 2
7_1028,22810,M. Swanson,151186,T. Malham,28479,25.12,32.11,19.63,15.36,12.99,16.93,66.28,-16.67,57.92,4,3,8.42,5.88,442.0,False,False,False,35.518,2337,Team 2
7_1036,151186,T. Malham,816413,H. Anderson,28727,0.16,22.37,11.52,27.35,10.88,12.4,-156.33,-149.33,-140.63,10,0,33.91,13.39,523.0,False,False,False,84.17000000000002,2337,Team 2
7_1045,22542,Marta,62445,B. Banda,28781,-0.34,5.34,-13.56,-21.7,22.19,30.56,63.24,72.02,66.66,6,1,10.43,4.73,433.0,False,False,False,46.61800000000001,2334,Team 1
7_1049,62445,B. Banda,149954,K. Strom,28833,-20.9,13.55,-2.69,20.17,15.72,16.13,-169.78,75.59,-163.02,10,-2,36.41,13.42,433.0,False,False,False,80.07600000000001,2334,Team 1
7_1052,149954,K. Strom,62389,Angelina,28861,-3.21,15.15,-19.31,19.53,8.61,9.17,-28.19,174.59,-33.34,9,0,18.71,1.98,442.0,True,False,False,57.153999999999996,2334,Team 1
7_1054,62389,Angelina,441597,E. Madril Sams,28877,-23.73,5.11,-9.7,14.93,12.53,17.13,-145.01,88.81,-165.49,10,-1,36.04,15.0,433.0,False,False,False,79.21000000000001,2334,Team 1
7_1057,441597,E. Madril Sams,151602,A. Watt,28921,5.68,-32.87,-19.33,-3.05,32.69,38.9,-48.9,-6.91,-52.54,1,9,4.21,13.09,433.0,False,False,True,40.12899999999999,2334,Team 1
7_1058,151186,T. Malham,22809,A. Naeher,28956,-45.57,2.43,-26.32,21.02,22.64,19.7,-117.81,165.61,-105.08,10,0,59.16,28.93,,False,False,False,91.43599999999999,2337,Team 2
7_1059,22809,A. Naeher,57146,C. Roccaro,29009,-44.46,-4.21,-50.64,2.26,9.53,9.9,-63.23,-111.82,-58.08,9,1,47.98,10.84,4231.0,False,False,False,69.49399999999999,2337,Team 2
7_1061,57146,C. Roccaro,57112,N. Kuikka,29035,-34.18,-16.69,-47.7,-14.57,13.6,13.4,-5.27,-99.36,7.27,7,3,36.39,6.35,,True,False,False,54.69499999999999,2337,Team 2
7_1063,57112,N. Kuikka,817610,J. Joseph,29053,-5.34,-24.89,-33.54,-21.12,13.12,17.15,-18.35,-139.52,-31.12,4,2,7.32,2.23,,False,False,False,39.04900000000001,2337,Team 2
7_1066,817610,J. Joseph,57112,N. Kuikka,29084,-18.45,-20.04,-9.88,-25.73,10.73,10.29,146.42,26.06,150.71,6,-2,22.74,3.52,,True,False,False,59.204,2337,Team 2
7_1071,57112,N. Kuikka,817610,J. Joseph,29096,-9.09,-25.29,-14.53,-18.57,9.57,9.92,-48.97,-72.81,-37.23,5,1,14.72,3.55,,False,False,False,38.922,2337,Team 2
7_1072,817610,J. Joseph,57112,N. Kuikka,29117,-16.02,-21.73,-8.9,-30.55,8.44,8.78,123.24,-107.38,115.17,8,-2,23.05,3.38,352.0,True,False,False,64.96,2337,Team 2
7_1079,57146,C. Roccaro,816413,H. Anderson,29462,-26.0,10.85,-26.59,-9.58,20.12,20.85,88.24,70.29,89.89,10,0,34.75,17.05,442.0,False,False,False,66.843,2337,Team 2
7_1080,816413,H. Anderson,57146,C. Roccaro,29485,-25.85,-8.72,-26.51,13.82,19.6,18.99,-101.39,127.38,-101.63,10,0,34.47,14.13,442.0,False,False,False,75.32900000000001,2337,Team 2
7_1083,57146,C. Roccaro,22723,J. Grosso,29533,-20.19,-16.63,-26.45,-7.72,8.68,9.45,-77.85,-102.41,-97.55,10,0,28.89,12.11,442.0,False,False,False,64.40799999999999,2337,Team 2
7_1087,22723,J. Grosso,57146,C. Roccaro,29578,-17.49,-11.74,-11.5,-22.56,11.51,12.32,122.13,-104.62,140.96,10,0,29.7,10.64,442.0,False,False,False,74.94600000000001,2337,Team 2
7_1089,57146,C. Roccaro,627434,A. Schlegel,29609,-1.38,-20.06,-18.38,-13.77,15.73,15.83,-20.17,-169.81,-14.09,8,2,14.03,3.58,442.0,True,False,False,54.425000000000004,2337,Team 2
7_1090,627434,A. Schlegel,57146,C. Roccaro,29626,-17.92,-16.46,-6.11,-19.86,10.15,11.28,170.51,-159.12,161.21,10,0,31.2,11.58,433.0,False,False,False,87.413,2337,Team 2
7_1093,57146,C. Roccaro,816413,H. Anderson,29649,-19.77,10.29,-20.93,-15.45,19.45,21.61,93.42,133.76,96.91,10,0,32.04,17.82,442.0,False,False,False,72.69999999999999,2337,Team 2
7_1094,816413,H. Anderson,151186,T. Malham,29684,-5.61,29.69,-20.24,10.78,18.99,21.41,57.16,134.83,49.72,9,1,18.94,14.18,442.0,False,False,False,58.002,2337,Team 2
7_1098,817541,C. Dyke,441597,E. Madril Sams,29733,-18.59,-14.75,-10.34,-28.37,11.2,13.21,115.03,-146.71,100.5,10,0,38.55,17.4,433.0,False,False,False,77.379,2334,Team 1
7_1101,441597,E. Madril Sams,149954,K. Strom,29766,-28.29,2.24,-27.07,-20.08,18.04,21.62,102.31,-162.38,100.41,10,0,41.24,14.63,424.0,False,False,False,81.616,2334,Team 1
7_1105,149954,K. Strom,149882,K. Abello,29812,-23.07,23.15,-34.38,1.03,11.35,14.86,80.59,-161.08,76.09,10,0,29.53,12.88,424.0,False,False,False,69.37,2334,Team 1
7_1106,149882,K. Abello,149954,K. Strom,29843,-34.9,9.01,-31.63,21.37,12.37,11.63,-128.96,81.96,-129.03,10,0,40.29,16.96,424.0,False,False,False,76.459,2334,Team 1
7_1108,149954,K. Strom,441597,E. Madril Sams,29888,-31.54,-3.56,-33.48,14.26,14.86,17.27,-84.85,-77.12,-91.5,10,0,38.5,13.67,424.0,False,False,False,68.32100000000001,2334,Team 1
7_1109,441597,E. Madril Sams,149954,K. Strom,29917,-30.99,10.59,-30.93,-6.0,15.74,15.23,91.13,-64.21,88.94,10,0,37.53,14.82,424.0,False,False,False,66.951,2334,Team 1
7_1119,22723,J. Grosso,817547,B. Franklin,30059,-0.75,-11.45,0.96,-19.29,4.93,6.81,94.63,119.93,87.79,8,1,21.65,7.09,451.0,True,False,False,62.621,2337,Team 2
7_1124,817547,B. Franklin,22810,M. Swanson,30099,14.83,-0.77,2.14,-8.03,12.45,13.76,29.38,-60.95,27.31,4,4,3.62,2.94,4411.0,True,False,False,34.721000000000004,2337,Team 2
7_1126,22810,M. Swanson,817547,B. Franklin,30111,3.92,-6.96,14.38,-3.85,10.6,10.91,-163.44,70.44,-177.94,9,-5,18.05,6.41,451.0,True,False,False,66.605,2337,Team 2
7_1127,817547,B. Franklin,151149,S. Groom,30121,9.91,6.78,4.83,-5.27,11.64,13.08,67.14,9.24,63.79,9,0,13.53,5.35,451.0,True,False,False,45.204,2337,Team 2
7_1136,151602,A. Watt,62445,B. Banda,30160,2.04,6.19,-11.58,-3.28,16.3,19.35,43.87,121.79,67.9,2,4,4.67,6.53,,True,False,True,45.775000000000006,2334,Team 1
7_1140,22810,M. Swanson,57146,C. Roccaro,31072,-14.65,-8.48,4.1,1.41,20.65,20.86,-152.19,-4.09,-157.21,10,-2,37.1,18.41,442.0,False,False,False,71.412,2337,Team 2
7_1142,57146,C. Roccaro,57112,N. Kuikka,31091,-7.68,-21.07,-14.54,-9.81,10.4,12.22,-67.69,-123.91,-54.28,10,0,28.76,15.21,442.0,False,False,False,61.046,2337,Team 2
7_1147,57112,N. Kuikka,57146,C. Roccaro,31130,-18.27,-16.25,-7.84,-26.75,14.6,15.09,137.07,-171.69,134.31,10,0,36.91,16.84,433.0,False,False,False,85.77400000000002,2337,Team 2
7_1149,57146,C. Roccaro,816413,H. Anderson,31152,-18.02,7.08,-20.18,-15.45,17.58,21.65,97.78,134.22,88.5,10,0,34.11,13.43,433.0,False,False,False,73.69300000000001,2337,Team 2
7_1156,62389,Angelina,22542,Marta,31314,13.85,-6.77,5.56,3.14,11.44,12.54,-45.29,39.81,-46.81,4,2,9.53,7.15,424.0,True,True,False,37.958,2334,Team 1
7_1162,22542,Marta,817541,C. Dyke,31371,1.81,-17.06,7.75,-2.05,10.56,14.22,-106.97,-50.44,-122.35,9,0,23.95,11.4,4411.0,False,False,False,60.839,2334,Team 1
7_1163,817541,C. Dyke,151602,A. Watt,31397,24.04,-32.57,5.54,-20.63,12.16,16.22,-40.8,-167.52,-51.88,6,3,3.35,14.99,4411.0,False,False,False,46.845,2334,Team 1
7_1169,151602,A. Watt,817541,C. Dyke,31458,28.89,-22.12,22.01,-22.87,5.79,6.55,-2.45,-17.42,-36.71,4,3,5.42,3.46,442.0,True,False,False,25.913000000000004,2334,Team 1
7_1174,151186,T. Malham,627434,A. Schlegel,31487,-18.62,19.13,-31.73,22.01,11.58,11.77,-12.87,-139.67,-9.45,5,3,18.96,7.25,,True,False,False,46.203,2337,Team 2
7_1177,627434,A. Schlegel,817547,B. Franklin,31506,-28.1,11.53,-20.03,15.15,6.35,6.68,-169.21,-45.0,171.67,8,-3,27.34,5.21,,True,False,False,68.621,2337,Team 2
7_1182,817547,B. Franklin,816413,H. Anderson,31527,-36.59,12.16,-27.63,10.67,9.51,9.23,170.02,136.47,169.27,10,-1,35.56,9.74,,False,False,False,86.76100000000001,2337,Team 2
7_1183,816413,H. Anderson,57146,C. Roccaro,31542,-38.07,-5.84,-38.33,13.53,20.84,21.07,-92.45,-125.44,-93.58,10,0,36.91,10.64,,False,False,False,75.726,2337,Team 2
7_1187,57146,C. Roccaro,627434,A. Schlegel,31607,-11.29,-13.35,-32.07,-17.95,18.52,17.92,9.22,-124.07,10.01,6,4,14.95,1.58,451.0,True,False,False,49.044999999999995,2337,Team 2
7_1191,627434,A. Schlegel,22809,A. Naeher,31642,-44.17,-4.65,-18.65,-18.27,30.51,28.62,151.12,-33.69,157.17,10,-1,48.55,26.1,424.0,False,False,False,82.906,2337,Team 2
7_1192,22809,A. Naeher,57146,C. Roccaro,31676,-36.75,-19.9,-37.9,-7.72,14.71,12.23,-84.61,152.45,-72.83,10,0,40.39,18.33,424.0,False,False,False,73.93100000000001,2337,Team 2
7_1198,22723,J. Grosso,22810,M. Swanson,32033,0.85,-0.82,-8.36,2.37,9.65,9.75,-19.1,19.29,-19.0,8,2,18.03,8.12,442.0,True,False,False,39.025,2337,Team 2
7_1203,22810,M. Swanson,816413,H. Anderson,32046,-21.66,5.64,0.29,-1.84,27.95,23.19,161.18,70.02,159.26,10,-2,39.81,21.14,442.0,False,False,False,82.108,2337,Team 2
7_1209,57146,C. Roccaro,816413,H. Anderson,32123,-26.71,6.19,-10.63,-15.12,24.92,26.24,127.93,-76.65,133.78,10,-2,37.68,14.86,442.0,False,False,False,76.18,2337,Team 2
7_1214,57146,C. Roccaro,57112,N. Kuikka,32187,-25.04,-8.52,-6.53,-7.45,14.86,15.04,170.27,-118.67,168.86,10,-2,34.55,9.65,442.0,False,False,False,84.583,2337,Team 2
7_1221,22542,Marta,149882,K. Abello,32409,15.4,33.99,18.41,27.04,3.49,7.57,113.42,-88.75,60.64,8,-1,16.44,6.56,541.0,False,False,False,50.736000000000004,2334,Team 1
7_1225,441597,E. Madril Sams,817541,C. Dyke,32723,-7.61,-10.7,-9.55,4.0,9.25,13.34,-107.91,-100.2,-100.53,10,0,26.92,11.35,4141.0,False,False,False,66.82900000000001,2334,Team 1
7_1226,817541,C. Dyke,441597,E. Madril Sams,32763,-7.54,-10.61,-8.13,-22.29,11.31,10.32,98.13,-142.58,91.01,10,0,27.33,10.3,433.0,False,False,False,70.17,2334,Team 1
7_1228,441597,E. Madril Sams,817541,C. Dyke,32782,-9.51,-23.58,-11.12,-13.21,10.38,10.75,-85.41,-150.45,-81.25,9,1,27.55,5.95,4321.0,False,False,False,68.91000000000001,2334,Team 1
7_1232,62445,B. Banda,817541,C. Dyke,33057,26.63,-35.52,38.33,-26.75,7.71,9.21,-144.81,35.3,-159.5,7,0,18.15,10.49,,False,False,False,59.251000000000005,2334,Team 1
7_1235,817541,C. Dyke,62389,Angelina,33076,20.61,-24.92,29.34,-34.52,11.95,13.12,135.22,-140.19,129.54,9,-2,21.33,8.77,541.0,True,False,False,71.991,2334,Team 1
7_1239,62389,Angelina,149954,K. Strom,33106,2.59,-6.34,20.38,-22.37,18.12,22.37,140.82,101.15,156.42,10,-1,35.13,11.74,,False,False,False,80.992,2334,Team 1
7_1241,149954,K. Strom,149882,K. Abello,33138,14.73,19.71,1.36,3.95,14.83,18.43,56.47,105.98,39.88,9,1,19.98,16.63,451.0,False,False,False,52.846000000000004,2334,Team 1
7_1242,149882,K. Abello,151077,J. Doyle,33170,25.32,33.83,14.86,27.34,7.24,9.54,40.07,132.55,65.1,7,2,6.8,11.48,451.0,False,False,False,46.048,2334,Team 1
7_1246,151077,J. Doyle,151151,H. McCutcheon,33190,18.53,18.42,24.95,34.11,6.47,8.28,-125.17,53.68,-145.13,9,-1,16.78,7.77,541.0,False,False,False,59.675000000000004,2334,Team 1
7_1248,151151,H. McCutcheon,62389,Angelina,33220,14.1,2.61,21.29,21.42,15.0,16.89,-121.52,158.11,-131.87,9,-1,23.49,9.31,,False,False,False,74.03300000000002,2334,Team 1
7_1251,62389,Angelina,817541,C. Dyke,33245,14.87,-12.53,12.97,2.34,10.52,14.4,-88.73,-112.34,-90.16,10,-1,20.77,13.76,541.0,False,False,False,60.412,2334,Team 1
7_1253,817541,C. Dyke,62445,B. Banda,33270,28.72,-28.99,12.59,-18.38,13.42,17.65,-36.38,-129.23,-44.82,6,4,5.24,10.0,4231.0,False,False,False,45.689,2334,Team 1
7_1256,62445,B. Banda,817541,C. Dyke,33293,17.33,-21.82,24.06,-33.41,14.57,13.4,120.14,-6.81,132.52,7,-1,16.52,2.75,424.0,True,False,False,54.528,2334,Team 1
7_1260,817541,C. Dyke,151151,H. McCutcheon,33322,17.37,-4.18,25.74,-20.67,16.17,17.64,117.15,-76.19,128.93,8,-1,19.21,5.22,442.0,True,False,False,64.139,2334,Team 1
7_1263,151151,H. McCutcheon,151077,J. Doyle,33341,33.44,2.49,18.94,-4.07,7.04,9.79,27.95,152.13,10.14,4,4,2.29,1.76,,True,True,False,42.92700000000001,2334,Team 1
7_1265,151077,J. Doyle,149882,K. Abello,33364,24.63,18.5,32.64,6.67,8.67,13.42,170.95,43.22,-162.76,8,-7,12.59,8.16,,False,False,False,52.457,2334,Team 1
7_1268,149882,K. Abello,151151,H. McCutcheon,33425,32.98,17.21,36.17,29.0,3.75,6.02,-142.08,153.36,179.85,8,0,12.69,5.19,,False,False,False,71.96100000000001,2334,Team 1
7_1270,151151,H. McCutcheon,151077,J. Doyle,33453,37.6,32.07,29.13,19.02,12.19,15.56,57.01,-148.17,45.93,5,3,5.01,12.2,,False,False,False,45.333000000000006,2334,Team 1
7_1273,151077,J. Doyle,149882,K. Abello,33498,32.31,17.36,43.62,29.63,9.3,11.56,-140.26,137.56,-149.63,8,-1,13.97,7.06,,False,False,False,67.608,2334,Team 1
7_1275,149882,K. Abello,151151,H. McCutcheon,33525,35.91,29.54,30.91,18.29,9.34,10.77,64.36,-40.77,61.82,3,5,9.14,8.39,,False,False,False,37.889,2334,Team 1
7_1283,57146,C. Roccaro,22809,A. Naeher,33823,-50.13,-1.35,-38.45,-5.51,12.49,12.56,160.61,-128.96,157.79,10,-1,53.63,15.7,442.0,False,False,True,95.158,2337,Team 2
7_1285,22809,A. Naeher,816413,H. Anderson,33850,-47.38,13.73,-50.63,-0.48,15.05,15.09,77.22,85.35,75.06,10,0,50.39,18.13,4411.0,False,False,False,71.84700000000001,2337,Team 2
7_1288,62389,Angelina,817541,C. Dyke,33961,13.01,-34.04,10.91,-28.38,6.75,6.04,-69.64,80.98,-77.34,8,1,23.42,8.63,,False,False,False,54.305,2334,Team 1
7_1289,817541,C. Dyke,62389,Angelina,33969,11.53,-27.45,13.28,-33.57,7.75,6.97,86.87,9.49,105.04,7,0,23.84,2.15,451.0,True,False,False,51.955000000000005,2334,Team 1
7_1293,62389,Angelina,63540,Adriana,33994,26.18,-28.8,19.55,-26.29,6.58,7.09,-20.74,141.25,-35.72,4,3,6.41,1.08,451.0,True,False,False,41.234,2334,Team 1
7_1296,63540,Adriana,22542,Marta,34002,30.05,-17.16,25.35,-26.9,3.8,5.84,24.06,71.42,-31.43,4,3,2.69,4.96,541.0,True,True,False,33.684,2334,Team 1
7_1300,22542,Marta,151077,J. Doyle,34817,13.96,4.83,10.04,-8.32,11.66,13.72,73.4,,71.91,3,2,7.48,10.73,,False,True,True,,2334,Team 1
7_1301,151077,J. Doyle,62445,B. Banda,34834,24.87,-5.35,22.53,9.36,15.08,14.01,-75.07,22.8,-85.97,1,2,1.35,2.21,,True,True,True,37.641,2334,Team 1
7_1309,340954,J. Bike,151186,T. Malham,35201,-14.3,24.89,-0.43,26.25,14.3,12.35,-178.52,97.61,-164.25,9,-3,26.25,6.15,,False,False,False,75.723,2337,Team 2
7_1311,62445,B. Banda,22542,Marta,35463,1.03,-20.08,-6.1,-29.44,10.54,11.77,52.7,-139.09,60.49,3,2,1.16,1.31,,True,False,True,44.208,2334,Team 1
7_1312,22542,Marta,62445,B. Banda,35475,-4.16,-29.25,0.1,-22.96,4.4,4.65,-91.11,-9.85,-91.82,2,0,7.38,0.67,,False,False,True,32.653999999999996,2334,Team 1
7_1318,149860,C. Biegalski,57146,C. Roccaro,35535,-26.51,13.41,-34.03,3.37,17.02,12.54,53.17,-162.02,34.88,8,2,37.78,7.52,424.0,True,False,False,70.499,2337,Team 2
7_1323,57146,C. Roccaro,340954,J. Bike,35569,-17.96,20.01,-41.96,15.43,26.59,25.19,9.39,5.41,5.7,6,4,22.3,5.2,424.0,True,False,True,44.637,2337,Team 2
7_1328,441597,E. Madril Sams,817541,C. Dyke,35610,12.78,-29.76,6.05,-20.48,6.0,7.4,-79.01,-158.96,-53.82,9,0,26.76,4.07,,False,False,False,63.545,2334,Team 1
7_1329,817541,C. Dyke,441597,E. Madril Sams,35632,6.38,-26.02,8.55,-31.72,7.87,6.98,134.36,-164.27,133.4,10,-1,27.36,7.98,541.0,False,False,False,78.148,2334,Team 1
7_1332,441597,E. Madril Sams,62389,Angelina,35653,12.72,-21.73,1.86,-26.5,10.78,9.83,24.84,-162.83,26.33,9,0,16.54,3.24,4231.0,True,False,False,54.25599999999999,2334,Team 1
7_1334,62389,Angelina,149954,K. Strom,35667,-10.09,-15.35,8.38,-23.28,17.82,20.1,156.76,-177.14,157.0,10,-1,37.67,15.0,4231.0,False,False,False,90.77100000000002,2334,Team 1
7_1337,149954,K. Strom,149882,K. Abello,35684,-4.54,11.56,-8.72,-10.31,14.2,19.34,82.27,91.31,74.56,10,0,30.37,19.76,4231.0,False,False,False,62.307,2334,Team 1
7_1339,149882,K. Abello,151077,J. Doyle,35720,18.87,30.41,-2.46,15.7,21.18,24.7,37.25,121.53,33.56,5,5,5.85,15.72,4231.0,False,False,False,44.869,2334,Team 1
7_1346,151151,H. McCutcheon,441597,E. Madril Sams,36264,-6.02,10.83,5.58,18.92,11.66,13.9,-144.55,-73.3,-164.12,10,-1,29.85,5.42,541.0,False,False,False,76.036,2334,Team 1
7_1348,441597,E. Madril Sams,63540,Adriana,36292,14.45,-10.98,-7.14,-0.3,23.55,24.09,-26.32,-94.63,-10.17,6,4,8.15,1.42,541.0,False,False,False,43.96800000000001,2334,Team 1
7_1355,63540,Adriana,22542,Marta,36349,24.76,-16.73,10.76,-10.53,12.89,15.51,-28.66,-20.71,-35.21,4,5,1.35,3.23,4411.0,False,False,False,29.854,2334,Team 1
7_1357,22542,Marta,63540,Adriana,36421,36.17,-5.58,45.07,-10.99,10.0,10.29,144.46,60.67,143.54,8,-4,11.54,4.94,,True,True,False,59.649,2334,Team 1
7_1364,817541,C. Dyke,63540,Adriana,36834,24.95,-30.33,17.9,-26.12,8.04,8.21,-30.84,-137.35,-6.14,9,1,16.44,5.97,,False,False,False,48.370999999999995,2334,Team 1
7_1382,57112,N. Kuikka,57146,C. Roccaro,40024,27.05,-1.6,21.34,5.67,8.53,9.21,-61.54,-151.89,-42.29,9,1,15.36,7.05,,False,False,False,55.901,2337,Team 2
7_1386,149954,K. Strom,22542,Marta,40071,-27.89,-1.56,-38.92,3.92,10.97,12.32,-26.42,126.87,-22.97,4,4,21.73,10.9,,True,False,True,50.102000000000004,2334,Team 1
7_1388,22542,Marta,63540,Adriana,40093,-29.02,-10.07,-23.39,-0.82,8.28,8.69,-75.07,-6.57,-77.31,4,0,24.73,5.81,,False,False,False,39.582,2334,Team 1
7_1393,63540,Adriana,151077,J. Doyle,40120,-31.7,-14.19,-20.71,-11.12,8.3,7.73,-136.83,-36.69,-151.12,8,-2,31.52,8.15,,False,False,False,64.084,2334,Team 1
7_1397,22542,Marta,63540,Adriana,40678,-31.71,-17.33,-25.97,-10.42,7.67,10.45,-60.98,-17.32,-83.41,2,2,17.41,3.62,,False,False,False,35.453,2334,Team 1
7_1404,63540,Adriana,817541,C. Dyke,40746,-29.46,-17.12,-13.04,-23.14,6.62,12.48,171.66,-91.72,173.84,10,-3,24.61,6.87,,False,False,False,74.13900000000001,2334,Team 1
7_1406,817541,C. Dyke,149873,A. Moorhouse,40772,-46.29,-2.78,-31.24,-22.43,26.51,24.18,129.34,-160.46,128.21,10,0,45.41,22.77,5131.0,False,False,False,89.905,2334,Team 1
7_1412,62389,Angelina,441597,E. Madril Sams,41372,-24.5,-2.65,-10.52,-2.66,14.31,13.36,179.57,-149.91,177.36,10,0,43.73,22.26,451.0,False,False,False,94.39,2334,Team 1
7_1414,441597,E. Madril Sams,149954,K. Strom,41397,-24.33,13.08,-24.53,-2.97,15.83,15.64,93.96,177.77,90.14,10,0,38.66,22.53,4141.0,False,False,False,77.76,2334,Team 1
7_1418,62389,Angelina,63540,Adriana,41735,-0.71,1.28,-4.02,17.75,11.31,15.58,-76.71,-25.38,-75.67,5,2,17.88,7.52,4123.0,False,False,False,43.605,2334,Team 1
7_1422,22809,A. Naeher,57112,N. Kuikka,41987,-39.67,-9.89,-48.11,4.25,14.53,17.02,-63.56,-86.68,-58.56,10,0,38.84,13.42,442.0,False,False,False,63.97500000000001,2337,Team 2
7_1426,57112,N. Kuikka,817610,J. Joseph,42054,5.66,-21.47,-24.62,-20.27,28.47,30.09,-1.96,-12.76,-1.59,1,8,0.45,2.53,442.0,False,False,True,28.391,2337,Team 2
7_1430,151077,J. Doyle,22542,Marta,42291,1.53,25.24,-11.27,34.08,14.3,15.73,-31.9,30.69,-31.12,2,5,6.66,4.25,4231.0,True,False,True,34.141,2334,Team 1
7_1432,22542,Marta,151077,J. Doyle,42362,14.28,28.97,41.34,25.24,12.27,13.67,173.78,2.74,179.63,7,-4,26.58,9.92,,False,False,False,60.602,2334,Team 1
7_1436,151077,J. Doyle,151151,H. McCutcheon,42399,24.16,17.13,26.7,28.48,7.63,8.46,-122.45,116.57,-133.78,7,0,16.74,4.98,,True,False,False,64.943,2334,Team 1
7_1437,151151,H. McCutcheon,62389,Angelina,42421,14.79,5.59,23.38,17.84,10.95,12.0,-137.03,157.02,-130.0,9,0,21.92,6.89,,False,False,False,75.272,2334,Team 1
7_1440,62389,Angelina,817541,C. Dyke,42450,11.36,-14.33,11.03,7.41,15.84,24.04,-87.43,-90.28,-86.05,9,0,23.48,17.63,,False,False,False,59.342,2334,Team 1
7_1441,817541,C. Dyke,63540,Adriana,42489,31.34,-17.78,17.14,-27.29,9.37,11.11,35.44,-78.38,56.53,6,2,2.95,0.93,,True,False,False,40.135000000000005,2334,Team 1
7_1446,151186,T. Malham,151149,S. Groom,42518,-30.17,28.33,-29.74,23.38,5.6,4.75,-155.65,-102.46,-140.36,7,-1,26.47,2.69,,True,False,False,70.724,2337,Team 2
7_1452,22723,J. Grosso,57146,C. Roccaro,42636,-26.59,18.75,-22.23,12.42,4.75,4.68,172.01,-33.85,-167.98,10,0,29.1,10.22,433.0,False,False,False,73.315,2337,Team 2
7_1457,57146,C. Roccaro,149860,C. Biegalski,42687,-21.2,-19.12,-23.64,10.75,22.9,27.33,-81.22,-54.17,-85.84,9,1,28.48,14.84,4141.0,False,False,False,61.765,2337,Team 2
7_1459,149860,C. Biegalski,340954,J. Bike,42725,5.29,-20.31,-17.47,-26.47,16.87,19.12,8.51,-124.96,10.18,4,5,6.06,3.31,424.0,False,False,False,39.294000000000004,2337,Team 2
7_1464,340954,J. Bike,151186,T. Malham,42788,-9.75,17.95,-1.85,-18.45,27.43,31.79,92.83,16.57,96.64,8,0,27.62,16.8,442.0,False,False,False,57.283,2337,Team 2
7_1467,151186,T. Malham,151149,S. Groom,42823,10.22,4.89,-0.53,19.74,17.82,18.33,-54.1,22.99,-74.87,4,4,8.47,7.13,442.0,True,False,False,41.351,2337,Team 2
7_1470,22542,Marta,62389,Angelina,43650,2.62,-26.39,11.7,-25.65,8.09,9.11,-175.34,72.93,-178.16,8,-3,20.53,3.94,,True,False,False,70.04700000000001,2334,Team 1
7_1475,62389,Angelina,22542,Marta,43656,10.71,-26.13,3.19,-24.63,4.8,5.03,-39.76,136.69,-48.8,6,2,12.0,3.52,4231.0,True,False,False,48.261,2334,Team 1
7_1484,22542,Marta,149882,K. Abello,43690,-3.58,3.12,10.31,-20.81,23.7,26.45,119.32,91.02,144.0,9,-1,26.44,16.6,451.0,False,False,False,70.94399999999999,2334,Team 1
7_1485,149882,K. Abello,151077,J. Doyle,43727,15.77,20.7,-0.55,12.53,15.78,18.25,26.59,134.69,18.78,5,4,6.89,9.09,4231.0,False,False,False,42.367000000000004,2334,Team 1
7_1486,151077,J. Doyle,149882,K. Abello,43738,0.83,15.62,13.32,23.35,15.59,16.75,-159.23,86.75,-145.37,9,-2,22.41,4.6,4411.0,False,False,False,71.09700000000001,2334,Team 1
7_1490,149882,K. Abello,149954,K. Strom,43797,-14.44,18.99,1.91,26.75,15.38,17.68,-165.72,167.85,-160.79,10,-1,40.71,11.62,4231.0,False,False,False,92.58100000000002,2334,Team 1
7_1498,441597,E. Madril Sams,817541,C. Dyke,44092,-8.11,-19.71,-11.59,-3.82,5.9,8.58,-99.32,-88.67,-82.6,10,0,28.76,14.41,442.0,False,False,False,62.327,2334,Team 1
7_1503,816413,H. Anderson,22723,J. Grosso,44192,-3.93,25.3,-19.4,25.72,16.99,15.48,-1.56,175.75,0.94,5,4,17.26,10.48,,True,False,False,49.456,2337,Team 2
7_1509,817541,C. Dyke,62389,Angelina,44223,2.5,-28.81,-3.36,-28.28,6.58,6.09,-18.67,-95.51,-14.97,6,2,20.35,2.4,442.0,False,False,False,41.58400000000001,2334,Team 1
7_1518,22542,Marta,149954,K. Strom,44368,-18.88,-9.96,2.96,-28.25,24.06,26.55,134.8,67.44,136.45,10,-1,40.35,18.05,4141.0,False,False,False,78.152,2334,Team 1
7_1520,149954,K. Strom,149882,K. Abello,44393,-13.69,9.32,-18.29,-5.96,12.19,16.62,89.66,102.76,83.59,10,0,33.01,13.26,424.0,False,False,False,67.11099999999999,2334,Team 1
7_1521,149882,K. Abello,149954,K. Strom,44428,-16.44,3.35,-14.5,18.94,15.37,14.54,-101.5,121.97,-102.21,10,0,34.67,14.93,433.0,False,False,False,73.528,2334,Team 1
7_1527,63540,Adriana,149882,K. Abello,44621,-12.33,33.85,-5.11,29.89,4.13,4.62,131.31,-159.97,97.66,9,-2,21.61,9.68,,False,False,False,66.00200000000001,2334,Team 1
7_1529,149882,K. Abello,63540,Adriana,44651,-16.47,28.05,-17.95,32.14,5.7,5.01,-98.95,-170.39,-104.52,9,-1,22.22,4.44,,True,False,False,69.81799999999998,2334,Team 1
7_1533,63540,Adriana,22542,Marta,44688,-0.32,5.76,-7.79,25.96,7.98,8.11,-81.56,-13.87,-144.18,3,1,6.43,6.47,,True,True,False,42.77600000000001,2334,Team 1
7_1535,22542,Marta,62445,B. Banda,44739,23.57,-17.04,22.38,0.05,15.89,15.12,-80.64,15.14,-108.87,0,4,3.92,14.74,,False,True,False,35.244,2334,Team 1
7_1538,57112,N. Kuikka,22723,J. Grosso,44782,-37.14,0.67,-48.75,1.12,13.35,11.62,-2.22,168.29,-3.01,6,2,36.11,2.69,,True,False,True,60.374,2337,Team 2
7_1543,22723,J. Grosso,151149,S. Groom,44803,-24.01,13.42,-44.85,3.26,11.28,18.29,44.25,142.44,65.09,5,1,21.27,7.76,,False,False,False,51.144999999999996,2337,Team 2
7_1557,63540,Adriana,22542,Marta,46326,11.26,-25.53,18.49,-27.47,4.04,6.51,160.9,97.93,163.18,8,-3,18.29,4.39,,True,False,False,67.18,2334,Team 1
7_1559,22542,Marta,817541,C. Dyke,46336,12.03,-32.3,11.26,-23.99,10.13,8.35,-84.71,130.31,-83.25,8,0,17.04,7.36,,False,False,False,57.913999999999994,2334,Team 1
7_1561,817541,C. Dyke,62389,Angelina,46347,7.2,-24.51,10.98,-32.24,4.27,4.85,137.09,-90.46,119.33,9,-1,20.62,2.94,5131.0,False,False,False,64.191,2334,Team 1
7_1564,62389,Angelina,817541,C. Dyke,46373,9.25,-33.19,7.81,-29.68,3.79,4.25,-125.9,-175.73,-143.37,9,0,19.32,2.67,541.0,False,False,False,74.76299999999999,2334,Team 1
7_1567,817541,C. Dyke,441597,E. Madril Sams,46391,-8.43,-29.19,4.59,-33.38,10.65,14.22,160.83,-178.94,159.78,10,-1,35.22,8.82,541.0,False,False,False,89.49600000000001,2334,Team 1
7_1568,441597,E. Madril Sams,149873,A. Moorhouse,46419,-33.68,-11.68,-19.3,-26.99,14.19,19.18,128.46,155.61,81.73,10,0,53.95,24.54,4231.0,False,False,False,84.90400000000001,2334,Team 1
7_1571,149873,A. Moorhouse,441597,E. Madril Sams,46462,-40.09,-23.75,-43.62,-6.34,18.73,17.76,-78.54,164.92,-70.11,10,0,48.67,14.94,4321.0,False,False,False,80.32300000000001,2334,Team 1
7_1573,441597,E. Madril Sams,151151,H. McCutcheon,46488,-16.26,-0.03,-36.93,-23.39,27.38,31.19,48.5,-170.88,48.11,7,3,21.45,8.69,343.0,True,False,False,66.45,2334,Team 1
7_1575,151151,H. McCutcheon,62389,Angelina,46512,-26.95,-8.18,-19.62,-1.56,11.19,9.88,-137.91,78.41,-143.1,8,-1,30.18,7.0,442.0,True,False,False,71.48899999999999,2334,Team 1
7_1576,62389,Angelina,149882,K. Abello,46520,-22.27,23.03,-25.53,-5.3,23.74,28.52,83.44,17.73,97.62,8,0,26.35,23.78,442.0,False,False,False,53.42,2334,Team 1
7_1577,149882,K. Abello,151077,J. Doyle,46544,1.69,32.85,-18.57,25.46,10.21,18.12,29.61,21.56,35.87,4,3,4.8,16.4,442.0,False,False,False,25.386999999999997,2334,Team 1
7_1583,149882,K. Abello,22542,Marta,47076,40.54,19.99,37.96,34.9,6.72,6.65,-152.2,117.94,-153.97,7,-1,7.04,5.57,,False,False,False,61.333000000000006,2334,Team 1
7_1591,57112,N. Kuikka,816413,H. Anderson,47254,-39.19,10.09,-35.66,-0.21,9.87,9.84,117.56,110.06,102.64,10,0,41.66,12.33,4321.0,False,False,False,76.35100000000001,2337,Team 2
7_1592,816413,H. Anderson,22723,J. Grosso,47286,-27.89,4.56,-42.3,15.18,18.68,17.9,-36.39,106.5,-39.92,9,1,29.97,9.05,4411.0,True,False,False,60.56,2337,Team 2
7_1596,22723,J. Grosso,151186,T. Malham,47310,-21.97,31.03,-31.67,10.64,17.66,21.28,65.66,-173.71,68.65,7,1,22.32,6.88,,False,False,False,63.38400000000001,2337,Team 2
7_1600,151186,T. Malham,149860,C. Biegalski,47344,-26.93,-13.79,-31.42,24.52,32.52,36.32,-81.94,133.7,-78.9,6,2,26.03,15.58,,False,False,False,66.109,2337,Team 2
7_1601,149860,C. Biegalski,22810,M. Swanson,47373,-5.34,-0.75,-23.89,-13.18,11.05,16.03,28.15,-27.48,76.77,0,5,4.08,1.78,,False,True,True,33.239000000000004,2337,Team 2
7_1604,22810,M. Swanson,340954,J. Bike,47428,19.87,-28.42,23.49,-12.62,4.58,7.08,-141.19,14.06,-134.82,3,-1,1.17,10.04,,False,False,False,35.458,2337,Team 2
7_1611,816413,H. Anderson,151186,T. Malham,48331,20.57,23.18,41.61,23.4,16.71,16.69,-177.32,46.81,-176.91,10,-2,26.14,21.24,,False,False,False,72.93899999999998,2337,Team 2
7_1618,22542,Marta,63540,Adriana,48552,25.73,-2.89,40.83,15.48,21.57,22.99,-128.36,22.04,-125.64,8,-4,19.65,2.78,,True,True,True,62.84400000000001,2334,Team 1
7_1622,169682,L. Nesbeth,149860,C. Biegalski,48720,-28.41,-23.27,-20.99,2.43,24.37,25.59,-105.94,13.88,-119.15,10,-2,32.69,17.34,442.0,False,False,False,63.084999999999994,2337,Team 2
7_1625,149860,C. Biegalski,340954,J. Bike,48745,-9.06,-21.16,-22.24,-25.29,11.4,11.65,32.98,155.76,41.27,7,3,15.25,6.33,424.0,True,False,False,55.28,2337,Team 2
7_1627,340954,J. Bike,57112,N. Kuikka,48763,-31.73,-11.8,-13.64,-18.5,12.8,11.34,171.58,-49.19,170.06,10,0,38.83,14.65,4141.0,False,False,False,81.40799999999999,2337,Team 2
7_1630,57112,N. Kuikka,22723,J. Grosso,48813,-20.89,-4.0,-27.89,-13.88,7.42,8.69,65.97,-158.53,66.82,10,0,29.0,9.74,4141.0,False,False,False,65.91000000000001,2337,Team 2
7_1633,22723,J. Grosso,816413,H. Anderson,48834,-26.43,9.5,-22.42,-3.67,12.74,14.35,95.2,60.94,108.15,10,0,35.2,18.69,442.0,False,False,False,66.113,2337,Team 2
7_1639,22810,M. Swanson,22723,J. Grosso,48974,5.63,12.84,25.04,27.45,15.32,18.34,-134.45,32.9,-131.3,8,-1,29.32,9.39,442.0,True,False,False,65.743,2337,Team 2
7_1641,22723,J. Grosso,151149,S. Groom,48996,16.04,14.39,9.37,15.73,6.8,7.23,-27.35,-74.82,-22.83,7,1,16.73,4.41,442.0,True,False,False,41.523,2337,Team 2
7_1645,151149,S. Groom,340954,J. Bike,49027,30.66,-15.22,21.21,5.47,19.63,21.18,-68.07,-108.68,-79.46,5,3,2.55,9.8,,False,False,False,47.324999999999996,2337,Team 2
7_1649,340954,J. Bike,22723,J. Grosso,49099,24.6,0.73,29.34,-22.65,21.09,23.08,100.41,-51.95,91.41,8,0,17.13,11.37,,True,False,False,56.995,2337,Team 2
7_1652,22723,J. Grosso,151149,S. Groom,49117,37.24,-1.21,28.14,-0.24,6.88,7.96,-7.72,166.5,-34.04,5,3,2.72,0.58,,True,True,False,45.634,2337,Team 2
7_1653,151149,S. Groom,22723,J. Grosso,49132,31.14,2.73,36.81,-0.53,7.43,6.48,130.62,52.88,135.27,6,-1,9.12,2.39,,False,True,False,53.688,2337,Team 2
7_1655,22723,J. Grosso,151186,T. Malham,49189,21.89,19.26,40.67,14.7,17.35,19.33,166.35,31.11,171.38,8,-2,23.11,7.77,,False,False,False,67.09,2337,Team 2
7_1665,149860,C. Biegalski,57112,N. Kuikka,50046,1.03,-10.13,9.82,-32.64,14.19,15.68,105.53,-140.94,83.08,10,0,40.27,17.2,343.0,False,False,False,75.907,2337,Team 2
7_1670,57112,N. Kuikka,149860,C. Biegalski,50116,-9.44,-30.4,-10.07,-15.77,8.95,12.53,-82.67,-18.82,-70.07,8,1,29.27,9.99,,False,False,False,51.978,2337,Team 2
7_1672,149860,C. Biegalski,169682,L. Nesbeth,50156,15.0,-25.68,0.8,-34.53,16.02,16.73,31.93,-21.21,42.39,2,6,6.9,3.9,,True,False,True,36.529,2337,Team 2
7_1681,169682,L. Nesbeth,340954,J. Bike,50269,15.96,-33.96,11.73,-27.57,8.05,7.66,-56.5,118.22,-55.93,4,2,10.81,2.56,,False,False,True,45.873000000000005,2337,Team 2
7_1686,22814,M. Gautrat,149954,K. Strom,50307,-27.05,25.58,-19.08,27.93,7.91,9.53,-158.33,-175.33,-129.46,10,-1,33.94,6.56,,False,False,False,84.843,2334,Team 1
7_1688,149954,K. Strom,62389,Angelina,50334,-18.34,14.74,-34.42,25.59,17.42,18.24,-32.53,159.58,-23.98,8,2,23.55,6.4,,True,False,False,60.33,2334,Team 1
7_1691,62389,Angelina,149882,K. Abello,50368,-27.86,29.03,-26.59,19.97,11.54,9.81,103.38,-21.09,106.66,9,-1,31.64,6.07,343.0,False,False,False,59.681000000000004,2334,Team 1
7_1695,149882,K. Abello,149954,K. Strom,50393,-35.46,21.83,-27.57,28.46,12.17,11.6,-148.1,154.86,-145.79,10,-1,38.14,8.81,,False,False,False,86.334,2334,Team 1
7_1697,149954,K. Strom,149873,A. Moorhouse,50421,-49.19,4.07,-39.38,20.94,16.86,18.56,-122.05,-146.55,-112.41,10,0,50.64,21.78,442.0,False,False,False,86.12300000000002,2334,Team 1
7_1699,149873,A. Moorhouse,151151,H. McCutcheon,50456,-32.75,-21.99,-51.11,0.29,25.43,28.87,-50.51,-121.63,-36.93,9,1,34.3,12.61,442.0,False,False,False,64.664,2334,Team 1
7_1701,151151,H. McCutcheon,441597,E. Madril Sams,50487,-38.18,-11.43,-42.39,-25.45,15.29,14.64,73.29,-92.26,75.54,8,1,39.92,7.47,,True,False,False,68.662,2334,Team 1
7_1706,441597,E. Madril Sams,149873,A. Moorhouse,50513,-52.33,-10.64,-37.9,-19.55,14.95,15.82,140.59,48.95,133.48,10,0,54.63,17.91,442.0,False,False,False,82.52000000000001,2334,Team 1
7_1710,22810,M. Swanson,151149,S. Groom,50633,32.48,25.87,39.96,26.67,6.41,7.52,-173.9,-59.67,-173.82,6,-4,13.37,2.09,,True,False,True,61.42900000000001,2337,Team 2
7_1712,151151,H. McCutcheon,22814,M. Gautrat,50641,-34.63,-16.78,-34.36,-25.52,7.92,8.96,90.51,83.56,88.05,6,1,31.32,5.11,,True,False,False,60.726000000000006,2334,Team 1
7_1715,22814,M. Gautrat,62389,Angelina,50657,-31.81,-20.35,-34.32,-15.0,5.88,5.91,-64.87,75.96,-69.28,6,0,26.69,5.23,,True,False,False,51.074000000000005,2334,Team 1
7_1718,62389,Angelina,22542,Marta,50665,-17.89,-10.95,-30.96,-20.03,11.7,14.11,35.63,-70.35,45.55,3,3,12.38,4.84,,True,False,False,38.385000000000005,2334,Team 1
7_1726,22542,Marta,22814,M. Gautrat,50729,-15.14,-3.34,-21.88,-18.9,14.7,16.35,50.91,76.3,47.51,5,3,15.25,9.49,4231.0,True,False,False,46.109,2334,Team 1
7_1730,149882,K. Abello,22814,M. Gautrat,50810,-7.06,21.67,-2.23,27.87,6.99,6.58,-136.23,54.42,-133.49,8,-1,20.97,7.54,442.0,False,False,False,59.988,2334,Team 1
7_1732,22814,M. Gautrat,22542,Marta,50840,-5.39,5.35,-5.82,22.66,13.63,15.0,-86.56,54.04,-92.82,8,0,22.2,9.39,442.0,True,False,False,56.653,2334,Team 1
7_1734,22542,Marta,62445,B. Banda,50861,14.44,-20.89,-2.7,7.94,34.34,36.15,-66.01,-80.47,-70.19,4,4,3.82,12.91,442.0,False,False,False,47.297,2334,Team 1
7_1736,62445,B. Banda,63540,Adriana,50908,25.31,2.31,18.52,-32.55,10.73,11.28,79.12,-12.18,84.11,3,1,1.85,1.58,,True,True,True,38.369,2334,Team 1
7_1739,63540,Adriana,22814,M. Gautrat,50997,41.98,-1.08,46.51,-1.13,4.06,4.53,179.37,2.68,175.9,5,-2,6.32,3.95,,True,True,False,53.383,2334,Team 1
7_1750,62389,Angelina,22542,Marta,51067,27.38,4.95,36.98,-2.95,12.63,12.44,141.23,-4.09,136.48,9,-2,19.46,7.62,,True,False,False,59.175,2334,Team 1
7_1752,22542,Marta,151077,J. Doyle,51087,40.65,12.81,28.77,5.64,11.01,12.56,42.32,127.86,44.15,4,5,2.95,6.45,,False,True,False,45.42100000000001,2334,Team 1
7_1753,22814,M. Gautrat,149882,K. Abello,51135,41.51,23.56,43.52,13.9,5.98,7.75,108.43,36.15,119.44,4,-3,4.05,11.44,,False,True,False,36.433,2334,Team 1
7_1758,149882,K. Abello,151077,J. Doyle,51158,36.0,18.61,43.93,25.79,2.81,2.68,107.62,8.68,105.92,4,0,11.14,5.93,,False,True,False,40.449000000000005,2334,Team 1
7_1770,441597,E. Madril Sams,22814,M. Gautrat,51800,24.82,-9.48,10.68,-6.64,14.12,13.87,-12.57,-164.43,-10.16,8,2,10.17,4.98,,True,False,False,50.041,2334,Team 1
7_1771,22814,M. Gautrat,151077,J. Doyle,51812,32.93,-23.94,21.39,-10.65,10.17,15.49,-53.53,-73.51,-79.57,4,3,0.45,13.28,433.0,False,False,False,35.781000000000006,2334,Team 1
7_1776,151077,J. Doyle,63540,Adriana,51880,39.35,-7.95,34.09,-26.92,14.84,18.77,72.8,-72.8,74.61,4,3,2.08,1.76,433.0,True,False,True,46.161,2334,Team 1
7_1779,63540,Adriana,62389,Angelina,51896,26.76,-8.56,37.46,-12.08,3.21,4.32,-172.96,-95.74,-152.32,9,-2,14.48,1.83,,False,False,False,66.93900000000001,2334,Team 1
7_1781,62389,Angelina,22814,M. Gautrat,51937,35.6,-26.38,26.57,-13.47,14.31,15.85,-56.76,-90.68,-50.13,5,4,3.35,8.31,424.0,False,False,False,42.062999999999995,2334,Team 1
7_1785,22814,M. Gautrat,62389,Angelina,51972,27.57,-19.74,36.92,-30.18,12.07,11.89,129.16,-29.25,137.38,6,0,13.72,4.94,,False,False,False,53.071999999999996,2334,Team 1
7_1786,62389,Angelina,22814,M. Gautrat,51988,38.49,-28.72,33.68,-22.08,8.97,8.2,-54.08,29.79,-65.43,4,2,2.8,3.08,,False,False,False,31.405,2334,Team 1
7_1793,149860,C. Biegalski,57112,N. Kuikka,52693,-17.17,-20.5,-10.19,-29.48,11.12,11.35,127.12,,119.59,10,0,32.54,13.41,343.0,False,False,False,,2337,Team 2
7_1796,57112,N. Kuikka,816413,H. Anderson,52710,-20.8,6.07,-18.42,-18.77,17.7,21.8,99.56,147.76,99.13,10,0,34.03,13.88,,False,False,False,76.194,2337,Team 2
7_1798,816413,H. Anderson,57112,N. Kuikka,52739,-19.1,-10.71,-22.12,7.59,15.21,14.39,-89.92,81.83,-89.25,10,0,31.87,13.84,352.0,False,False,False,65.83,2337,Team 2
7_1802,57112,N. Kuikka,149860,C. Biegalski,52786,-7.34,-25.32,-17.53,-5.47,13.08,15.6,-70.57,-109.37,-58.92,9,1,21.74,11.22,352.0,False,False,False,57.936,2337,Team 2
7_1806,149860,C. Biegalski,340954,J. Bike,52828,16.54,-30.84,-7.98,-29.05,13.75,16.29,-5.64,-143.32,-5.8,3,6,2.15,7.48,,False,False,False,36.18,2337,Team 2
7_1813,62445,B. Banda,63540,Adriana,52904,1.51,-7.78,11.6,13.23,13.04,14.17,-85.18,-18.5,-119.14,4,1,17.49,10.26,,False,False,False,44.387,2334,Team 1
7_1816,63540,Adriana,22814,M. Gautrat,52978,26.89,-3.31,40.57,-13.06,12.68,12.92,145.76,-11.09,148.21,6,-2,16.18,7.38,,True,True,False,56.92400000000001,2334,Team 1
7_1821,22814,M. Gautrat,151151,H. McCutcheon,53495,37.64,-10.77,27.95,-4.48,8.7,13.81,-48.9,-107.68,-43.6,8,2,13.48,4.19,,False,False,False,49.53,2334,Team 1
7_1822,151151,H. McCutcheon,22814,M. Gautrat,53536,27.04,-18.26,31.05,-29.43,10.47,10.26,96.55,-47.42,95.15,7,1,21.22,2.38,,True,False,False,56.687000000000005,2334,Team 1
7_1827,816413,H. Anderson,57112,N. Kuikka,53967,-41.37,-1.88,-36.54,18.61,16.32,16.85,-103.1,11.26,-105.2,10,0,43.41,19.43,442.0,False,False,False,66.671,2337,Team 2
7_1831,57112,N. Kuikka,169682,L. Nesbeth,54020,-13.89,3.15,-29.68,-3.17,16.02,16.79,22.26,20.47,24.02,7,3,17.49,8.18,442.0,True,False,False,41.089999999999996,2337,Team 2
7_1844,62445,B. Banda,22814,M. Gautrat,54300,-3.65,-7.47,5.76,3.1,10.62,10.55,-137.57,20.02,-156.28,8,-2,21.21,8.53,433.0,True,False,False,60.471999999999994,2334,Team 1
7_1847,22814,M. Gautrat,151151,H. McCutcheon,54320,-3.4,-17.12,0.0,-6.42,11.75,12.21,-99.24,-40.41,-122.03,8,0,24.34,3.92,442.0,False,False,False,59.079,2334,Team 1
7_1850,151151,H. McCutcheon,441597,E. Madril Sams,54379,-1.87,-14.66,20.9,-27.51,20.25,22.22,148.04,-69.98,134.72,10,-1,35.2,14.14,4141.0,False,False,False,76.62100000000001,2334,Team 1
7_1852,441597,E. Madril Sams,149954,K. Strom,54412,-7.28,-2.53,-3.88,-20.59,14.49,15.93,100.23,-170.19,83.46,10,0,37.47,17.82,4141.0,False,False,False,76.906,2334,Team 1
7_1854,149954,K. Strom,441597,E. Madril Sams,54438,-13.21,-17.67,-14.61,-3.02,12.45,11.22,-101.57,121.75,-100.6,10,0,36.55,8.14,541.0,False,False,False,74.77399999999999,2334,Team 1
7_1856,441597,E. Madril Sams,149954,K. Strom,54469,-13.47,-1.31,-15.58,-11.94,9.97,11.63,83.24,101.73,84.53,10,0,31.45,14.31,541.0,False,False,False,64.804,2334,Team 1
7_1858,149954,K. Strom,441597,E. Madril Sams,54493,-14.75,-9.64,-14.24,3.55,12.51,12.24,-99.17,109.4,-94.08,10,0,30.38,9.24,541.0,False,False,False,69.36,2334,Team 1
7_1860,441597,E. Madril Sams,149873,A. Moorhouse,54524,-35.07,0.33,-15.86,-6.2,14.19,17.99,167.08,-143.13,136.23,10,0,49.42,24.69,541.0,False,False,False,90.67300000000002,2334,Team 1
7_1864,149873,A. Moorhouse,63540,Adriana,54586,-5.83,-10.81,-43.84,-4.94,40.65,37.99,-8.48,174.62,-8.27,5,5,10.53,6.36,4141.0,True,False,False,56.825,2334,Team 1
7_1868,57112,N. Kuikka,151186,T. Malham,54643,-6.19,19.44,-7.32,12.39,9.81,8.25,58.89,152.63,41.11,9,1,32.38,5.68,442.0,False,False,False,64.76,2337,Team 2
7_1872,151186,T. Malham,151149,S. Groom,54688,10.86,23.62,-9.5,25.41,15.22,16.47,-11.13,167.44,-15.35,4,4,5.72,2.45,442.0,True,False,False,44.327999999999996,2337,Team 2
7_1873,151149,S. Groom,62385,Julia Bianchi,54711,-0.46,15.2,5.8,24.29,9.14,9.23,-126.5,125.82,-120.86,8,-3,15.71,4.71,442.0,True,False,False,62.473000000000006,2337,Team 2
7_1877,62385,Julia Bianchi,151186,T. Malham,54734,-3.46,31.5,-3.03,19.42,9.71,11.84,89.76,47.33,79.97,8,0,19.07,5.17,442.0,False,False,False,51.12,2337,Team 2
7_1879,151186,T. Malham,816413,H. Anderson,54747,-18.78,22.62,-3.24,32.79,18.66,18.81,-152.86,139.73,-152.42,10,-4,35.01,10.96,442.0,False,False,False,81.412,2337,Team 2
7_1880,816413,H. Anderson,57112,N. Kuikka,54779,-23.85,8.18,-22.15,25.53,19.16,18.52,-103.62,-160.25,-100.13,10,0,35.8,14.25,442.0,False,False,False,79.19800000000001,2337,Team 2
7_1883,57112,N. Kuikka,149860,C. Biegalski,54806,-19.63,-16.42,-27.18,8.0,17.73,22.95,-96.03,-74.28,-94.3,10,0,30.21,17.88,442.0,False,False,False,65.30900000000001,2337,Team 2
7_1886,149860,C. Biegalski,340954,J. Bike,54870,0.84,-32.58,-15.86,-25.38,11.88,14.64,-36.67,-139.0,-45.34,7,3,13.27,8.53,343.0,False,False,False,51.093999999999994,2337,Team 2
7_1891,340954,J. Bike,62385,Julia Bianchi,54901,-6.38,-9.52,-8.92,-34.12,19.72,18.39,74.71,-136.56,69.15,8,1,21.49,8.9,,True,False,False,64.423,2337,Team 2
7_1895,62385,Julia Bianchi,340954,J. Bike,54936,-16.95,-33.61,-16.18,-17.69,12.2,15.74,-91.24,-80.91,-94.79,8,1,27.13,7.32,4321.0,False,False,False,61.955,2337,Team 2
7_1899,340954,J. Bike,57112,N. Kuikka,54966,-28.09,-21.17,-16.31,-33.23,12.39,13.95,138.37,112.67,143.9,10,-1,38.34,8.66,433.0,False,False,False,81.149,2337,Team 2
7_1901,57112,N. Kuikka,816413,H. Anderson,54990,-28.76,-1.88,-29.79,-17.84,14.89,14.05,71.54,140.91,59.1,9,1,37.59,12.51,4321.0,False,False,False,69.415,2337,Team 2
7_1903,816413,H. Anderson,22809,A. Naeher,55018,-46.95,-1.27,-36.26,3.18,11.03,10.7,-154.78,147.77,-138.56,10,-1,53.69,10.55,442.0,False,False,False,92.655,2337,Team 2
7_1906,22809,A. Naeher,151149,S. Groom,55038,-4.07,9.9,-46.84,-0.19,44.77,43.94,13.27,-127.41,13.34,5,5,8.66,4.48,442.0,True,False,False,53.766999999999996,2337,Team 2
7_1910,151149,S. Groom,169682,L. Nesbeth,55069,-10.7,-3.77,-8.05,3.75,4.89,5.79,-102.67,-64.06,-101.2,6,0,15.28,5.97,,True,False,False,50.706,2337,Team 2
7_1913,169682,L. Nesbeth,22810,M. Swanson,55096,-3.22,4.98,-10.73,-4.49,11.9,12.09,51.58,-73.86,51.42,5,1,9.48,6.06,,True,False,False,40.284,2337,Team 2
7_1916,22810,M. Swanson,340954,J. Bike,55143,16.73,-18.13,9.48,9.32,24.92,26.84,-73.98,14.65,-111.12,0,4,1.46,7.7,442.0,False,False,True,37.141,2337,Team 2
7_1921,816413,H. Anderson,57112,N. Kuikka,56001,-31.67,17.04,-31.65,32.38,15.61,14.97,-88.28,170.65,-70.35,9,1,37.3,14.24,4231.0,False,False,False,74.913,2337,Team 2
7_1930,169682,L. Nesbeth,817610,J. Joseph,56088,2.88,23.45,-19.63,4.57,21.25,27.83,35.27,-12.78,36.93,0,6,6.01,5.17,424.0,False,False,True,30.344,2337,Team 2
7_1932,817610,J. Joseph,22810,M. Swanson,56150,20.85,11.99,42.14,18.4,3.73,3.66,-105.36,-7.71,-88.62,1,2,20.96,6.74,,True,True,True,44.92,2337,Team 2
7_1936,22810,M. Swanson,62385,Julia Bianchi,56201,28.01,11.62,51.03,13.55,12.74,14.9,-169.17,54.02,-155.57,7,-4,22.89,10.21,,True,False,False,63.101,2337,Team 2
7_1940,62385,Julia Bianchi,817610,J. Joseph,56232,43.12,16.47,35.02,19.65,5.02,6.92,-33.69,-95.02,-26.51,4,2,4.35,3.47,,True,True,True,39.009,2337,Team 2
7_1949,22810,M. Swanson,340954,J. Bike,57134,28.34,-9.62,24.34,9.26,18.39,19.3,-78.04,-20.71,-98.63,1,3,2.25,10.56,,False,True,False,35.767999999999994,2337,Team 2
7_1954,57138,C. Pickett,63540,Adriana,57863,7.7,23.91,2.28,32.46,9.42,10.12,-57.63,13.74,-107.36,1,3,0.15,2.46,4141.0,False,False,True,31.282,2334,Team 1
7_1956,63540,Adriana,62389,Angelina,57888,12.62,20.87,26.14,24.98,8.81,6.92,135.12,-19.27,120.26,3,0,15.18,3.29,,True,True,True,52.540000000000006,2334,Team 1
7_1959,57138,C. Pickett,149954,K. Strom,58146,-16.83,12.46,5.15,18.45,20.95,22.78,-164.76,,-153.58,10,-3,37.51,11.17,424.0,False,False,False,,2334,Team 1
7_1961,149954,K. Strom,441597,E. Madril Sams,58164,-14.33,2.21,-20.06,12.87,12.49,11.88,-65.7,-169.15,-63.52,10,0,30.77,11.46,4321.0,False,False,False,68.677,2334,Team 1
7_1962,441597,E. Madril Sams,22814,M. Gautrat,58183,-8.59,5.89,-17.94,2.15,11.29,9.94,26.02,140.88,23.66,7,3,21.85,4.74,4231.0,True,False,False,54.919999999999995,2334,Team 1
7_1965,22814,M. Gautrat,57138,C. Pickett,58200,3.96,26.35,-10.11,7.69,19.02,22.75,55.58,117.02,56.19,5,3,7.53,10.09,442.0,False,False,False,46.831999999999994,2334,Team 1
7_1968,57138,C. Pickett,63540,Adriana,58227,11.22,15.59,2.22,30.1,10.64,16.66,-51.97,24.57,-77.85,1,4,1.54,5.7,442.0,False,False,True,30.761,2334,Team 1
7_1972,63540,Adriana,57138,C. Pickett,58290,20.43,26.19,41.74,21.32,1.03,1.16,50.95,-0.88,13.5,0,4,22.05,5.18,,False,True,False,27.831,2334,Team 1
7_1979,57112,N. Kuikka,340954,J. Bike,58358,-40.12,-19.01,-54.08,-15.85,13.29,13.8,-10.19,126.67,-10.49,7,3,41.39,6.58,,True,False,False,60.60099999999999,2337,Team 2
7_1986,22814,M. Gautrat,149882,K. Abello,58416,21.03,27.71,24.41,17.55,8.43,10.08,120.08,134.51,109.19,9,-1,26.72,10.61,541.0,False,False,False,68.645,2334,Team 1
7_1992,62389,Angelina,441597,E. Madril Sams,58484,-0.29,9.1,33.9,-3.0,35.7,36.18,159.81,-102.17,149.59,10,-9,35.17,21.8,523.0,False,False,False,73.592,2334,Team 1
7_1993,441597,E. Madril Sams,149954,K. Strom,58504,2.2,21.79,-0.48,7.07,14.29,14.3,85.63,-137.79,80.33,10,0,30.0,15.31,442.0,False,False,False,68.60000000000001,2334,Team 1
7_1998,149954,K. Strom,57138,C. Pickett,58538,25.16,29.09,1.26,23.62,21.7,22.4,9.07,-150.72,5.24,5,5,3.37,10.36,,False,False,True,44.626,2334,Team 1
7_2002,62385,Julia Bianchi,340954,J. Bike,58702,2.36,-29.57,-3.02,-12.04,11.59,14.15,-77.97,-82.61,-91.19,7,0,15.86,12.55,,False,False,False,50.074000000000005,2337,Team 2
7_2004,340954,J. Bike,149860,C. Biegalski,58738,-8.76,-23.72,4.35,-33.84,9.9,11.7,151.24,-93.95,138.81,10,-2,33.4,11.91,,False,False,False,74.688,2337,Team 2
7_2011,63540,Adriana,62389,Angelina,58827,5.18,7.15,6.74,16.15,10.86,12.6,-92.32,-20.13,-122.9,3,0,9.99,1.59,,True,True,False,44.47,2334,Team 1
7_2014,62389,Angelina,151077,J. Doyle,58893,15.94,-14.47,37.18,-3.28,7.72,9.79,-119.11,-16.89,-121.82,4,0,24.07,21.75,,False,False,False,45.782999999999994,2334,Team 1
7_2016,151077,J. Doyle,57138,C. Pickett,58950,44.25,11.58,44.91,-21.54,33.27,33.13,91.14,-37.37,100.74,1,3,3.21,6.64,,False,True,True,47.18299999999999,2334,Team 1
7_2020,149954,K. Strom,149873,A. Moorhouse,59118,-46.37,9.28,-27.35,24.2,20.45,24.17,-141.89,180.0,-112.45,10,0,68.08,25.13,,False,False,False,100.58299999999998,2334,Team 1
7_2032,62385,Julia Bianchi,817614,A. Cook,59213,27.15,-1.52,9.51,-18.45,21.27,24.17,44.09,26.88,43.91,2,6,2.16,3.71,4231.0,True,True,True,40.707,2337,Team 2
7_2034,817614,A. Cook,169682,L. Nesbeth,59238,25.08,1.32,30.59,1.73,5.67,5.53,-175.74,17.38,-174.33,4,-1,8.61,3.0,4231.0,True,True,False,55.651,2337,Team 2
7_2036,169682,L. Nesbeth,817610,J. Joseph,59249,33.78,14.37,26.68,3.86,8.4,12.68,55.96,53.0,49.49,0,5,0.75,4.73,4231.0,False,True,True,32.794,2337,Team 2
7_2045,57138,C. Pickett,156934,V. Villacorta,59360,-33.81,-2.73,-36.64,9.88,9.97,12.25,-74.72,45.33,-77.19,5,2,26.91,2.61,,True,False,True,55.148,2334,Team 1
7_2048,156934,V. Villacorta,151077,J. Doyle,59382,-34.86,-15.73,-33.95,-4.76,7.26,8.5,-84.6,-0.85,-91.18,5,1,28.61,4.53,,True,False,False,48.74,2334,Team 1
7_2049,151077,J. Doyle,62389,Angelina,59398,-23.86,-3.53,-32.24,-15.99,13.86,15.02,56.08,-58.07,75.58,3,2,18.84,11.35,,True,False,False,43.281,2334,Team 1
7_2050,62389,Angelina,63540,Adriana,59412,-7.08,6.38,-21.56,-6.01,15.08,17.82,40.04,-36.96,59.75,2,1,5.18,5.49,,False,False,True,29.691000000000003,2334,Team 1
7_2055,22810,M. Swanson,817610,J. Joseph,59634,2.48,11.9,-8.83,23.6,9.61,13.71,-25.67,40.99,-19.51,4,2,4.37,5.23,,True,False,False,27.639,2337,Team 2
7_2056,817610,J. Joseph,22810,M. Swanson,59686,8.92,28.58,16.95,29.32,8.6,8.06,-174.73,-46.05,-164.9,6,-2,15.25,1.46,424.0,True,False,False,61.480999999999995,2337,Team 2
7_2057,22810,M. Swanson,169682,L. Nesbeth,59694,-7.32,6.4,11.15,25.07,9.43,14.27,-138.15,25.19,-166.51,6,0,32.12,6.84,424.0,True,False,False,66.50600000000001,2337,Team 2
7_2061,169682,L. Nesbeth,340954,J. Bike,59727,11.97,-8.93,3.37,10.83,20.54,21.55,-66.48,0.0,-72.49,5,1,13.43,11.92,4231.0,True,False,False,39.89,2337,Team 2
7_2062,340954,J. Bike,62385,Julia Bianchi,59742,8.66,-1.3,14.14,-7.46,2.76,4.54,152.14,-78.96,-173.55,8,-2,17.71,7.8,,True,False,False,65.58800000000001,2337,Team 2
7_2067,62385,Julia Bianchi,817614,A. Cook,59763,24.35,-1.27,8.67,-3.15,15.38,15.79,6.84,-88.26,9.62,3,5,2.52,2.4,,True,False,True,35.866,2337,Team 2
7_2076,62389,Angelina,63540,Adriana,59815,-1.49,8.77,-8.17,-4.82,13.95,14.91,63.61,138.81,61.3,2,1,4.09,5.01,,False,False,True,41.6,2334,Team 1
7_2078,149860,C. Biegalski,62385,Julia Bianchi,59986,-15.23,-12.56,-25.42,-17.42,5.88,7.02,39.68,58.39,60.56,8,1,23.69,4.72,,True,False,False,50.02799999999999,2337,Team 2
7_2084,817614,A. Cook,22810,M. Swanson,60080,4.98,-3.11,1.43,-13.71,6.45,8.44,18.86,-31.19,11.54,4,3,10.55,2.77,,True,False,False,29.315,2337,Team 2
7_2088,22810,M. Swanson,340954,J. Bike,60111,14.22,-10.04,9.89,-6.07,3.32,6.44,-33.99,-32.82,-19.14,0,4,3.66,2.26,,False,True,True,24.469,2337,Team 2
7_2090,817614,A. Cook,816413,H. Anderson,60449,46.99,6.17,46.51,3.85,1.83,2.37,78.31,59.74,74.44,8,0,6.75,2.36,,False,True,True,48.201,2337,Team 2
